mese,categoria,minuti_ritardo_tot,cancellate,cancellate_tot,in_orario,oltre_5,oltre_10,info_mancante,oltre_60,in_ritardo,oltre_30,oltre_15,soppresse,parzialmente_cancellate,in_anticipo,effettuate,minuti_anticipo_tot,minuti_netti_tot,corse_osservate,p95,p90,ritardo_mediano,ritardo_medio
2024-06,EC,5168.0,0,0,117,221,140,0,17,221,47,89,0,0,106,447,385.0,4783.0,447,47.69999999999993,30.0,4.0,10.772522522522525
2024-06,EN,1805.0,0,0,4,28,22,0,8,28,16,21,0,0,3,35,9.0,1796.0,35,214.4999999999997,136.00000000000009,22.0,51.31428571428572
2024-06,EXP,502.0,0,0,2,7,5,0,2,7,3,4,0,0,7,16,81.0,421.0,16,197.5,113.5,2.0,26.3125
2024-06,IC,29958.0,0,0,555,1110,748,0,109,1110,293,548,0,0,567,2241,2564.0,27394.0,2241,59.0,36.90000000000009,4.0,12.273297491039427
2024-06,ICN,4019.0,0,0,86,145,102,0,15,145,37,74,0,0,114,345,789.0,3230.0,345,58.80000000000001,30.600000000000023,3.0,9.36231884057971
2024-06,IR,43.0,0,0,0,1,1,0,0,1,1,1,0,0,0,1,0.0,43.0,1,43.0,43.0,43.0,43.0
2024-06,MET,6261.0,0,0,1913,319,143,0,2,319,11,73,0,0,2548,4864,5496.0,765.0,4864,6.0,3.0,-1.0,0.1600418410041841
2024-06,NCL,19.0,0,0,1,1,1,0,0,1,0,1,0,0,11,14,288.0,-269.0,14,7.599999999999973,-0.1999999999999993,-24.0,-20.692307692307697
2024-06,REG,459397.0,0,0,68338,26864,10903,0,445,26864,2043,6233,0,0,59378,156633,153541.0,305856.0,156633,12.0,7.0,1.0,1.9786259541984728
2024-06,,78687.0,0,0,1491,2942,1968,0,304,2942,755,1422,0,0,1448,5910,5932.0,72755.0,5910,62.06830795262268,36.50006768189509,4.946531302876481,12.37213736361693
2024-07,DIR,38.0,0,0,0,1,1,0,0,1,1,1,0,0,1,2,1.0,37.0,2,36.05,34.1,18.5,18.5
2024-07,EC,8276.0,0,0,112,346,244,0,24,346,88,174,0,0,155,617,519.0,7757.0,617,54.0,38.80000000000007,6.0,12.65415986949429
2024-07,EN,1590.0,0,0,5,40,32,0,9,40,16,26,0,0,7,52,20.0,1570.0,52,107.9,68.6,15.0,30.192307692307693
2024-07,EXP,243.0,0,0,2,9,7,0,1,9,4,5,0,0,11,22,160.0,83.0,22,47.24999999999999,32.800000000000004,-0.5,3.772727272727273
2024-07,IC,49119.0,0,0,637,1654,1178,0,175,1654,483,893,0,0,604,2914,2761.0,46358.0,2914,64.0,46.0,6.0,16.01312607944732
2024-07,ICN,5434.0,0,0,90,173,123,0,24,173,53,87,0,0,121,384,692.0,4742.0,384,67.84999999999997,43.0,3.0,12.348958333333334
2024-07,IR,180.0,0,0,2,5,5,0,1,5,2,3,0,0,0,7,0.0,180.0,7,74.19999999999996,60.40000000000002,12.0,25.714285714285715
2024-07,MET,9267.0,0,0,3104,415,152,0,9,415,33,86,0,0,3856,7565,8260.0,1007.0,7565,5.0,3.0,-1.0,0.1365423728813559
2024-07,NCL,269.0,0,0,1,7,5,0,2,7,4,4,0,0,3,11,193.0,76.0,11,77.0,62.0,5.0,6.909090909090909
2024-07,REG,657127.0,0,0,93699,39232,16530,0,521,39232,2919,9464,0,0,81540,217105,205845.0,451282.0,217105,13.0,8.0,1.0,2.1041632668286154
2024-07,,243968.0,0,0,3614,9008,6366,0,840,9008,2426,4884,0,0,2984,15666,13102.0,230866.0,15666,63.0,41.0,6.0,14.793412789952582
2024-08,DIR,1.0,0,0,1,0,0,0,0,0,0,0,0,0,0,1,0.0,1.0,1,1.0,1.0,1.0,1.0
2024-08,EC,5991.0,0,0,135,260,172,0,18,260,61,123,0,0,188,587,667.0,5324.0,587,42.0,31.0,3.0,9.132075471698114
2024-08,EN,1830.0,0,0,10,37,29,0,9,37,21,27,0,0,4,51,9.0,1821.0,51,110.5,81.0,17.0,35.705882352941174
2024-08,EXP,458.0,0,0,10,22,11,0,1,22,3,6,0,0,19,51,167.0,291.0,51,27.5,18.0,3.0,5.705882352941177
2024-08,IC,41580.0,0,0,706,1458,1029,0,161,1458,380,756,0,0,925,3096,4724.0,36856.0,3096,61.0,37.0,4.0,11.931369375202332
2024-08,ICN,3675.0,0,0,109,144,97,0,12,144,35,74,0,0,200,453,1423.0,2252.0,453,45.0,25.0,0.0,4.97130242825607
2024-08,IR,226.0,0,0,1,7,5,0,2,7,2,4,0,0,2,10,5.0,221.0,10,74.24999999999999,67.5,10.5,22.1
2024-08,MET,7000.0,0,0,3189,291,98,0,1,291,16,50,0,0,4228,7774,9682.0,-2682.0,7774,4.0,2.0,-1.0,-0.3479501816294759
2024-08,NCL,693.0,0,0,0,10,9,0,6,10,7,8,0,0,6,16,159.0,534.0,16,128.5,97.5,17.0,33.375
2024-08,REG,470765.0,0,0,86543,26273,10570,0,432,26273,2025,6164,0,0,85884,199347,221850.0,248915.0,199347,10.0,6.0,0.0,1.2527176648213387
2024-08,,139358.0,0,0,3762,5902,3828,0,392,5902,1244,2680,0,0,4360,14038,22250.0,117108.0,14038,45.0,27.0,3.0,8.350541928123217
2024-09,EC,11275.0,0,0,150,437,335,0,38,437,111,249,0,0,238,834,890.0,10385.0,834,54.59999999999991,37.0,6.0,12.587878787878788
2024-09,EN,2140.0,0,0,6,52,37,0,10,52,19,29,0,0,13,71,112.0,2028.0,71,154.5,103.0,10.0,28.56338028169014
2024-09,EXP,491.0,0,0,10,14,11,0,2,14,4,8,0,0,7,31,76.0,415.0,31,64.0,47.0,4.0,13.387096774193548
2024-09,IC,33730.0,0,0,731,1389,933,0,97,1389,315,654,0,0,801,2927,4387.0,29343.0,2927,50.0,31.0,4.0,10.04553235193427
2024-09,ICN,4447.0,0,0,95,138,101,0,22,138,46,75,0,0,177,410,1073.0,3374.0,410,64.0,34.10000000000002,1.0,8.229268292682926
2024-09,IR,202.0,0,0,2,6,6,0,1,6,2,6,0,0,0,8,0.0,202.0,8,61.19999999999999,51.39999999999999,20.5,25.25
2024-09,MET,7651.0,0,0,2963,392,114,0,3,392,14,55,0,0,3061,6511,6737.0,914.0,6511,5.0,3.0,0.0,0.1424563591022443
2024-09,NCL,1149.0,0,0,0,8,8,0,8,8,8,8,0,0,8,17,294.0,855.0,17,204.5,185.0,35.5,53.4375
2024-09,REG,703672.0,0,0,93815,42170,17121,0,730,42170,3227,9936,0,0,77074,215735,194728.0,508944.0,215735,14.0,8.0,1.0,2.388746779061199
2024-09,,192996.0,0,0,3916,8278,5558,0,554,8278,1828,3976,0,0,3022,15252,11134.0,181862.0,15252,51.0,34.0,6.0,11.95202418506835
2024-10,DIR,11.0,0,0,0,1,1,0,0,1,0,0,0,0,0,1,0.0,11.0,1,11.0,11.0,11.0,11.0
2024-10,EC,12532.0,0,0,174,502,359,0,40,502,117,254,0,0,314,995,1290.0,11242.0,995,50.09999999999991,35.0,5.0,11.355555555555558
2024-10,EN,4041.0,0,0,16,63,56,0,17,63,23,47,0,0,22,101,207.0,3834.0,101,207.0,130.0,13.0,37.96039603960397
2024-10,EXP,559.0,0,0,9,15,10,0,5,15,6,10,0,0,5,29,67.0,492.0,29,75.39999999999999,70.6,5.0,16.96551724137931
2024-10,IC,33745.0,0,0,757,1433,932,0,114,1433,281,633,0,0,767,2974,3855.0,29890.0,2974,49.0,28.0,4.0,10.108217788298951
2024-10,ICN,3538.0,0,0,88,105,78,0,18,105,39,57,0,0,218,411,1708.0,1830.0,411,53.0,28.0,-1.0,4.452554744525547
2024-10,IR,5.0,0,0,0,1,0,0,0,1,0,0,0,0,0,1,0.0,5.0,1,5.0,5.0,5.0,5.0
2024-10,MET,10802.0,0,0,3035,550,207,0,6,550,31,115,0,0,3074,6788,6349.0,4453.0,6788,7.0,4.0,0.0,0.668719026880913
2024-10,NCL,47.0,0,0,2,2,2,0,0,2,1,1,0,0,5,9,166.0,-119.0,9,24.79999999999999,15.600000000000003,-13.0,-13.22222222222222
2024-10,REG,772248.0,0,0,101258,47657,18002,0,732,47657,3253,10060,0,0,78958,230693,200816.0,571432.0,230693,13.0,8.0,1.0,2.507677522128554
2024-10,,202098.0,0,0,4006,8372,5564,0,610,8372,1870,4002,0,0,3038,15452,10636.0,191462.0,15452,52.0,34.0,5.0,12.41969382459782
2024-11,DIR,6.0,0,0,0,1,0,0,0,1,0,0,0,0,0,1,0.0,6.0,1,6.0,6.0,6.0,6.0
2024-11,EC,10308.0,0,0,169,437,320,0,24,437,98,224,0,0,286,900,1140.0,9168.0,900,45.0,32.89999999999998,4.0,10.278026905829597
2024-11,EN,1970.0,0,0,14,53,40,0,11,53,16,34,0,0,33,100,378.0,1592.0,100,82.49999999999996,61.300000000000026,6.0,15.92
2024-11,EXP,345.0,0,0,10,10,3,0,1,10,2,3,0,0,6,26,35.0,310.0,26,40.5,12.0,3.0,11.923076923076923
2024-11,IC,31130.0,0,0,698,1232,836,0,103,1232,287,578,0,0,972,2918,5278.0,25852.0,2918,49.0,29.0,3.0,8.908339076498967
2024-11,ICN,2877.0,0,0,71,102,63,0,16,102,30,48,0,0,213,386,1935.0,942.0,386,47.0,21.5,-2.0,2.4404145077720205
2024-11,IR,494.0,0,0,0,13,10,0,2,13,5,7,0,0,1,14,4.0,490.0,14,125.0,100.00000000000009,12.5,35.0
2024-11,MET,10019.0,0,0,2885,571,207,0,2,571,20,105,0,0,2816,6466,5791.0,4228.0,6466,7.0,4.0,0.0,0.6741071428571429
2024-11,NCL,168.0,0,0,0,3,3,0,2,3,2,2,0,0,5,10,136.0,32.0,10,78.55,76.1,-4.5,4.0
2024-11,REG,682672.0,0,0,92773,40987,15984,0,707,40987,3126,9277,0,0,78451,216597,207244.0,475428.0,216597,13.0,8.0,1.0,2.240355118254944
2024-11,,168894.0,0,0,3846,7000,4544,0,504,7000,1588,3246,0,0,3684,14608,14386.0,154508.0,14608,50.0,31.0,4.0,10.63372333103923
2024-12,EC,8481.0,0,0,236,393,264,0,21,393,75,176,0,0,404,1040,1652.0,6829.0,1040,36.39999999999998,23.0,2.0,6.610842207163601
2024-12,EN,1461.0,0,0,17,41,34,0,7,41,16,29,0,0,36,96,463.0,998.0,96,71.39999999999998,54.0,3.5,10.617021276595745
2024-12,EXP,133.0,0,0,1,5,4,0,0,5,2,3,0,0,2,13,10.0,123.0,13,44.89999999999999,42.8,7.5,15.375
2024-12,IC,27852.0,0,0,682,1107,716,0,91,1107,244,495,0,0,1061,2871,5494.0,22358.0,2871,44.0,24.0,2.0,7.844912280701754
2024-12,ICN,3508.0,0,0,99,124,78,0,17,124,37,57,0,0,246,469,2101.0,1407.0,469,43.0,18.0,-1.0,3.0
2024-12,IR,201.0,0,0,1,3,3,0,2,3,2,3,0,0,2,6,10.0,191.0,6,97.0,85.0,15.5,31.83333333333333
2024-12,MET,8254.0,0,0,2695,446,162,0,3,446,17,83,0,0,3099,6295,6743.0,1511.0,6295,6.0,3.0,0.0,0.2421474358974359
2024-12,NCL,254.0,0,0,1,7,6,0,1,7,2,4,0,0,5,13,145.0,109.0,13,82.19999999999987,43.20000000000002,7.0,8.384615384615385
2024-12,REG,581829.0,0,0,91451,35242,13095,0,487,35242,2388,7353,0,0,79579,208083,205368.0,376461.0,208083,11.0,7.0,1.0,1.825070780328886
2024-12,,137380.0,0,0,4358,6278,3930,0,350,6278,1226,2730,0,0,4318,14962,16302.0,121078.0,14962,40.0,25.0,3.0,8.096696536043869
2025-01,EC,6963.0,0,0,255,341,196,0,24,341,57,127,0,0,478,1108,2040.0,4923.0,1108,30.34999999999991,17.0,1.0,4.583798882681564
2025-01,EN,1937.0,0,0,21,46,38,0,10,46,17,36,0,0,39,108,365.0,1572.0,108,100.25,48.0,2.5,14.830188679245284
2025-01,EXP,145.0,0,0,1,3,3,0,1,3,2,3,0,0,1,5,67.0,78.0,5,71.6,63.2,26.0,15.6
2025-01,IC,29375.0,0,0,784,1094,666,0,102,1094,247,460,0,0,1080,3059,5098.0,24277.0,3059,47.15000000000009,24.0,2.0,8.207234617985126
2025-01,ICN,4051.0,0,0,104,116,75,0,17,116,33,59,0,0,281,501,1959.0,2092.0,501,40.0,19.0,-2.0,4.175648702594811
2025-01,IR,14.0,0,0,2,1,0,0,0,1,0,0,0,0,2,5,4.0,10.0,5,7.999999999999998,7.0,1.0,2.0
2025-01,MET,7253.0,0,0,2515,350,130,0,4,350,19,76,0,0,3229,6281,7839.0,-586.0,6281,5.0,3.0,-1.0,-0.0961601575319986
2025-01,NCL,179.0,0,0,1,3,1,0,1,3,1,1,0,0,5,16,182.0,-3.0,16,100.79999999999994,39.60000000000002,-4.0,-0.3333333333333333
2025-01,REG,518990.0,0,0,92349,30564,10711,0,469,30564,2059,6095,0,0,84397,212473,221411.0,297579.0,212473,10.0,6.0,0.0,1.4354300323187497
2025-01,,134369.0,0,0,4505,5773,3446,0,374,5773,1218,2469,0,0,4753,15326,19890.0,114479.0,15326,41.03301579016051,25.033015790160512,3.0,7.616100724293656
2025-02,DIR,0.0,0,0,0,0,0,0,0,0,0,0,0,0,1,1,2.0,-2.0,1,-2.0,-2.0,-2.0,-2.0
2025-02,EC,6069.0,0,0,282,302,188,0,10,302,55,127,0,0,476,1077,1915.0,4154.0,1077,30.0,17.0,1.0,3.918867924528303
2025-02,EN,1393.0,0,0,19,42,32,0,5,42,18,28,0,0,29,92,195.0,1198.0,92,61.49999999999997,43.10000000000001,4.0,13.311111111111112
2025-02,EXP,66.0,0,0,0,2,1,0,1,2,1,1,0,0,1,3,3.0,63.0,3,54.6,49.20000000000001,6.0,21.0
2025-02,IC,19988.0,0,0,707,938,552,0,55,938,164,358,0,0,1144,2807,5626.0,14362.0,2807,33.0,18.0,1.0,5.14951595553962
2025-02,ICN,2520.0,0,0,115,97,52,0,6,97,20,39,0,0,328,540,2045.0,475.0,540,22.049999999999955,9.0,-2.0,0.8796296296296297
2025-02,IR,88.0,0,0,1,2,2,0,1,2,1,2,0,0,2,5,5.0,83.0,5,54.8,47.6,0.0,16.6
2025-02,MET,6825.0,0,0,2474,285,115,0,3,285,27,71,0,0,3172,5989,7995.0,-1170.0,5989,4.0,3.0,-1.0,-0.1972685887708649
2025-02,NCL,601.0,0,0,1,11,9,0,4,11,6,9,0,0,5,17,175.0,426.0,17,125.6,106.8,17.0,25.058823529411764
2025-02,REG,474189.0,0,0,91267,28514,9526,0,311,28514,1635,5170,0,0,87889,210523,234114.0,240075.0,210523,9.0,6.0,0.0,1.1560408340155053
2025-02,,113998.0,0,0,4292,5726,3296,0,272,5726,918,2154,0,0,4402,14422,18222.0,95776.0,14422,34.0,21.0,3.0,6.641886269070735
2025-03,EC,6545.0,0,0,320,342,187,0,13,342,51,128,0,0,545,1229,2367.0,4178.0,1229,24.0,15.0,1.0,3.461474730737365
2025-03,EN,1141.0,0,0,23,49,36,0,3,49,12,24,0,0,43,115,552.0,589.0,115,42.49999999999999,29.40000000000004,3.0,5.121739130434783
2025-03,EXP,345.0,0,0,8,11,8,0,3,11,4,5,0,0,8,31,76.0,269.0,31,69.19999999999999,57.800000000000026,2.0,9.962962962962964
2025-03,IC,22503.0,0,0,794,1007,611,0,66,1007,193,404,0,0,1284,3101,6153.0,16350.0,3101,35.0,19.0,1.0,5.299837925445705
2025-03,ICN,2341.0,0,0,128,122,62,0,6,122,14,43,0,0,295,545,1826.0,515.0,545,17.0,11.0,-1.0,0.944954128440367
2025-03,IR,39.0,0,0,0,2,2,0,0,2,0,2,0,0,1,3,4.0,35.0,3,21.5,21.0,17.0,11.666666666666666
2025-03,MET,8732.0,0,0,2658,382,176,0,7,382,46,111,0,0,3447,6715,8581.0,151.0,6715,5.0,3.0,-1.0,0.0232773238785262
2025-03,NCL,488.0,0,0,2,10,7,0,2,10,4,6,0,0,19,34,615.0,-127.0,34,100.5,40.0,-3.0,-4.096774193548387
2025-03,REG,507509.0,0,0,98058,30584,10413,0,300,30584,1759,5754,0,0,94425,227579,247024.0,260485.0,227579,9.0,6.0,0.0,1.1677433237547463
2025-03,,123940.0,0,0,4772,5692,3206,0,350,5692,994,2124,0,0,5276,15874,22792.0,101148.0,15874,34.0,20.0,2.0,6.426175349428209
2025-04,EC,7646.0,0,0,359,387,218,0,16,387,57,140,0,0,657,1432,2627.0,5019.0,1432,26.0,14.0,1.0,3.577334283677833
2025-04,EN,1856.0,0,0,27,67,47,0,6,67,18,37,0,0,20,116,198.0,1658.0,116,57.099999999999966,33.7,7.0,14.543859649122806
2025-04,EXP,573.0,0,0,7,17,13,0,3,17,6,11,0,0,3,29,11.0,562.0,29,75.1,55.000000000000064,9.0,20.814814814814813
2025-04,IC,22283.0,0,0,736,911,552,0,68,911,164,366,0,0,1271,2920,5996.0,16287.0,2920,32.15000000000009,18.0,1.0,5.5815627141878
2025-04,ICN,4296.0,0,0,102,138,99,0,21,138,46,75,0,0,309,549,2053.0,2243.0,549,46.60000000000002,24.0,-2.0,4.085610200364298
2025-04,IR,121.0,0,0,0,3,3,0,1,3,1,2,0,0,0,3,0.0,121.0,3,84.3,76.6,15.0,40.333333333333336
2025-04,MET,5906.0,0,0,2511,262,84,0,5,262,20,48,0,0,3642,6452,9050.0,-3144.0,6452,4.0,2.0,-1.0,-0.4901013250194855
2025-04,NCL,700.0,0,0,1,6,5,0,3,6,4,4,0,0,2,14,81.0,619.0,14,280.19999999999993,205.40000000000003,14.0,68.77777777777777
2025-04,REG,516718.0,0,0,98902,30883,10618,0,335,30883,1887,5937,0,0,92807,224813,240113.0,276605.0,224813,9.0,6.0,0.0,1.2426547225416906
2025-04,,135918.0,0,0,4456,5640,3396,0,384,5640,1164,2392,0,0,5132,15228,20966.0,114952.0,15228,41.0,24.0,2.0,7.548726030995534
2025-05,DIR,52.0,0,0,0,2,2,0,0,2,1,2,0,0,0,2,0.0,52.0,2,33.2,32.4,26.0,26.0
2025-05,EC,10970.0,0,0,380,506,282,0,33,506,72,170,0,0,584,1483,2632.0,8338.0,1483,27.0,17.0,2.0,5.672108843537415
2025-05,EN,2798.0,0,0,28,71,55,0,11,71,18,40,0,0,13,112,47.0,2751.0,112,127.94999999999989,50.70000000000001,8.5,24.5625
2025-05,EXP,438.0,0,0,6,13,11,0,2,13,6,10,0,0,18,37,169.0,269.0,37,53.399999999999885,43.99999999999999,1.0,7.27027027027027
2025-05,IC,26638.0,0,0,745,1115,723,0,86,1115,245,512,0,0,1214,3145,5609.0,21029.0,3145,43.0,25.0,2.0,6.8409238776837995
2025-05,ICN,5378.0,0,0,119,158,118,0,32,158,57,88,0,0,318,595,2441.0,2937.0,595,65.29999999999995,27.600000000000023,-1.0,4.936134453781513
2025-05,IR,53.0,0,0,0,1,1,0,0,1,1,1,0,0,5,6,16.0,37.0,6,39.5,26.0,-2.5,6.166666666666667
2025-05,MET,8356.0,0,0,2479,379,162,0,6,379,30,99,0,0,3551,6734,8827.0,-471.0,6734,5.0,3.0,-1.0,-0.0734904041192073
2025-05,NCL,524.0,0,0,2,13,12,0,1,13,9,11,0,0,14,39,199.0,325.0,39,58.0,54.8,2.0,11.20689655172414
2025-05,REG,648273.0,0,0,100797,37935,14457,0,610,37935,2990,8603,0,0,90575,237919,232377.0,415896.0,237919,11.0,7.0,1.0,1.813708260105448
2025-05,,156716.0,0,0,3986,6700,4208,0,464,6700,1448,2932,0,0,4826,15904,20348.0,136368.0,15904,45.0,28.0,3.0,8.79112944816916
2025-06,EC,11212.0,0,0,287,461,300,0,34,461,102,216,0,0,432,1210,1735.0,9477.0,1210,47.0,26.0,2.0,8.03135593220339
2025-06,EN,1955.0,0,0,39,59,42,0,9,59,17,32,0,0,15,115,135.0,1820.0,115,91.4,47.19999999999997,5.0,16.106194690265486
2025-06,EXP,368.0,0,0,5,18,14,0,0,18,3,12,0,0,15,40,118.0,250.0,40,31.94999999999998,26.200000000000017,2.5,6.578947368421052
2025-06,IC,41584.0,0,0,703,1434,980,0,153,1434,385,711,0,0,911,3071,4363.0,37221.0,3071,59.65000000000009,35.0,4.0,12.211614173228346
2025-06,ICN,5887.0,0,0,122,158,123,0,28,158,66,100,0,0,327,607,2397.0,3490.0,607,52.39999999999986,31.399999999999974,-1.0,5.749588138385502
2025-06,IR,231.0,0,0,1,6,5,0,2,6,3,4,0,0,2,9,7.0,224.0,9,75.19999999999999,70.4,11.0,24.88888888888889
2025-06,MET,8334.0,0,0,2640,368,124,0,9,368,29,72,0,0,3490,6666,8229.0,105.0,6666,5.0,3.0,-1.0,0.0161588180978762
2025-06,NCL,188.0,0,0,0,5,3,0,1,5,2,2,0,0,4,9,165.0,23.0,9,89.39999999999996,51.80000000000002,5.0,2.555555555555556
2025-06,REG,588170.0,0,0,92892,34379,13215,0,547,34379,2715,7791,0,0,87335,220805,224381.0,363789.0,220805,11.0,7.0,0.0,1.6951483183135607
2025-06,,214412.0,0,0,3564,7340,5042,0,872,7340,2148,3828,0,0,3966,15138,17502.0,196910.0,15138,64.0,41.0,4.0,13.242098184263618
2025-07,DIR,5.0,0,0,2,0,0,0,0,0,0,0,0,0,0,2,0.0,5.0,2,2.95,2.9,2.5,2.5
2025-07,EC,11346.0,0,0,276,493,335,0,23,493,119,245,0,0,419,1252,1401.0,9945.0,1252,41.0,29.29999999999995,2.0,8.371212121212121
2025-07,EN,2903.0,0,0,30,81,59,0,12,81,31,49,0,0,8,119,26.0,2877.0,119,87.6999999999999,56.00000000000003,9.0,24.176470588235293
2025-07,EXP,629.0,0,0,9,18,15,0,3,18,8,10,0,0,22,52,214.0,415.0,52,69.1999999999999,50.20000000000002,0.0,8.46938775510204
2025-07,IC,43501.0,0,0,687,1478,1048,0,164,1478,429,792,0,0,924,3142,4471.0,39030.0,3142,61.59999999999991,40.0,4.0,12.635157008740691
2025-07,ICN,5601.0,0,0,126,187,125,0,25,187,63,94,0,0,294,607,1981.0,3620.0,607,51.0,30.0,0.0,5.963756177924218
2025-07,IR,235.0,0,0,3,7,5,0,1,7,5,5,0,0,1,11,1.0,234.0,11,55.5,39.0,8.0,21.27272727272728
2025-07,MET,9790.0,0,0,2950,382,197,0,10,382,35,109,0,0,3190,6781,6362.0,3428.0,6781,5.0,3.0,0.0,0.5256056424409691
2025-07,NCL,430.0,0,0,0,4,3,0,1,4,2,2,0,0,5,13,177.0,253.0,13,235.7999999999999,114.60000000000004,-6.0,28.11111111111111
2025-07,REG,585401.0,0,0,95303,33834,12815,0,615,33834,2663,7476,0,0,95408,230388,251364.0,334037.0,230388,11.0,6.0,0.0,1.4876171814112984
2025-07,,202720.0,0,0,4084,7472,4986,0,758,7472,1980,3650,0,0,4040,15834,17034.0,185686.0,15834,59.0,36.0,4.0,11.906001538856115
2025-08,EC,8510.0,0,0,319,428,232,0,23,428,57,135,0,0,641,1405,2462.0,6048.0,1405,26.0,14.0,1.0,4.357348703170029
2025-08,EN,2609.0,0,0,24,77,61,0,10,77,24,49,0,0,22,123,167.0,2442.0,123,79.49999999999996,49.8,9.0,19.853658536585368
2025-08,EXP,727.0,0,0,7,21,17,0,3,21,7,14,0,0,20,49,364.0,363.0,49,61.29999999999997,35.400000000000034,1.0,7.5625
2025-08,IC,33362.0,0,0,710,1183,812,0,111,1183,286,565,0,0,1139,3040,6488.0,26874.0,3040,52.0,28.0,2.0,8.863456464379947
2025-08,ICN,3513.0,0,0,149,143,84,0,11,143,32,56,0,0,360,652,2894.0,619.0,652,28.0,11.0,-1.0,0.9493865030674846
2025-08,IR,0.0,0,0,0,0,0,0,0,0,0,0,0,0,1,1,3.0,-3.0,1,-3.0,-3.0,-3.0,-3.0
2025-08,MET,5442.0,0,0,3030,171,48,0,0,171,4,24,0,0,3319,6565,6576.0,-1134.0,6565,3.0,2.0,-1.0,-0.1739263803680981
2025-08,NCL,951.0,0,0,2,16,13,0,6,16,11,13,0,0,5,23,167.0,784.0,23,121.9,119.2,19.0,34.08695652173913
2025-08,REG,440918.0,0,0,86936,24426,8911,0,407,24426,1860,5237,0,0,94944,208384,257481.0,183437.0,208384,9.0,5.0,0.0,0.8891500974280923
2025-08,,95026.0,0,0,3362,4092,2474,0,250,4092,816,1712,0,0,5812,13270,35666.0,59360.0,13270,34.0,19.0,1.0,4.474596713402684
2025-09,DIR,27.0,0,0,0,1,1,0,0,1,0,1,0,0,0,1,0.0,27.0,1,27.0,27.0,27.0,27.0
2025-09,EC,10761.0,0,0,311,507,293,0,26,507,85,195,0,0,475,1372,1933.0,8828.0,1372,37.0,22.0,2.0,6.827532869296211
2025-09,EN,2993.0,0,0,23,82,63,0,12,82,27,45,0,0,7,112,33.0,2960.0,112,110.94999999999963,61.400000000000034,11.0,26.428571428571427
2025-09,EXP,1113.0,0,0,9,23,17,0,5,23,11,17,0,0,16,65,129.0,984.0,65,77.09999999999998,59.800000000000026,3.5,20.5
2025-09,IC,34745.0,0,0,777,1340,894,0,110,1340,320,657,0,0,976,3131,5195.0,29550.0,3131,50.0,30.0,3.0,9.553831231813772
2025-09,ICN,3973.0,0,0,122,137,74,0,17,137,31,58,0,0,238,497,1517.0,2456.0,497,36.19999999999999,17.400000000000034,0.0,4.941649899396379
2025-09,IR,38.0,0,0,1,2,2,0,0,2,0,1,0,0,1,5,2.0,36.0,5,19.1,18.200000000000003,9.0,9.0
2025-09,MET,9269.0,0,0,2967,486,155,0,3,486,24,65,0,0,3710,7396,9294.0,-25.0,7396,5.0,3.0,-1.0,-0.0034901577551305
2025-09,NCL,276.0,0,0,1,6,6,0,1,6,5,5,0,0,10,17,317.0,-41.0,17,58.99999999999994,38.2,-4.0,-2.411764705882353
2025-09,REG,650609.0,0,0,98785,38951,14597,0,652,38951,2878,8385,0,0,88833,233138,231484.0,419125.0,233138,12.0,7.0,1.0,1.8498779621219144
2025-09,,175490.0,0,0,3822,7068,4648,0,578,7068,1628,3294,0,0,3994,15116,17952.0,157538.0,15116,51.0,32.0,4.0,10.584385917764042
2025-10,DIR,0.0,0,0,0,0,0,0,0,0,0,0,0,0,0,1,0.0,0.0,1,0.0,0.0,0.0,0.0
2025-10,EC,9777.0,0,0,358,522,295,0,22,522,76,187,0,0,552,1476,2311.0,7466.0,1476,31.0,18.0,2.0,5.2136871508379885
2025-10,EN,544.0,0,0,12,26,15,0,2,26,5,12,0,0,5,43,18.0,526.0,43,45.899999999999984,29.20000000000002,6.0,12.232558139534884
2025-10,EXP,728.0,0,0,6,12,10,0,6,12,7,9,0,0,26,48,238.0,490.0,48,74.4,67.90000000000002,-2.0,11.136363636363635
2025-10,IC,29622.0,0,0,799,1264,751,0,92,1264,242,511,0,0,1141,3305,5944.0,23678.0,3305,42.0,22.0,2.0,7.390137328339575
2025-10,ICN,3273.0,0,0,139,142,78,0,11,142,30,57,0,0,280,561,1693.0,1580.0,561,35.0,15.0,0.0,2.8163992869875223
2025-10,IR,3.0,0,0,1,0,0,0,0,0,0,0,0,0,3,5,6.0,-3.0,5,2.3999999999999986,1.8000000000000007,-1.0,-0.75
2025-10,MET,11247.0,0,0,3118,596,220,0,2,596,39,117,0,0,4632,8487,12886.0,-1639.0,8487,6.0,3.0,-1.0,-0.1963815001198178
2025-10,NCL,4179.0,0,0,0,63,61,0,31,63,49,57,0,0,9,83,321.0,3858.0,83,145.95000000000005,126.5,47.0,53.583333333333336
2025-10,REG,676147.0,0,0,104017,41269,14718,0,590,41269,2824,8198,0,0,90617,240964,240446.0,435701.0,240964,11.0,7.0,1.0,1.8469498056404536
2025-10,,161062.0,0,0,4012,6858,4414,0,450,6858,1444,3062,0,0,4204,15328,18252.0,142810.0,15328,46.19999999999982,29.0,4.0,9.473928618813853
2025-11,EC,9026.0,0,0,337,455,271,0,19,455,68,175,0,0,593,1430,2794.0,6232.0,1430,28.799999999999955,17.0,1.0,4.499638989169675
2025-11,EN,939.0,0,0,7,42,24,0,4,42,11,15,0,0,2,51,35.0,904.0,51,67.0,53.0,9.0,17.725490196078432
2025-11,EXP,1108.0,0,0,10,21,18,0,6,21,9,16,0,0,12,43,140.0,968.0,43,91.4,73.00000000000006,3.0,22.511627906976745
2025-11,FA,55.0,0,0,0,1,1,0,0,1,1,1,0,0,0,1,0.0,55.0,1,55.0,55.0,55.0,55.0
2025-11,FR,2.0,0,0,2,0,0,0,0,0,0,0,0,0,1,3,5.0,-3.0,3,1.0,1.0,1.0,-1.0
2025-11,IC,31124.0,1,1,837,1165,733,0,102,1165,275,531,0,0,1252,3288,6503.0,24621.0,3289,45.34999999999991,25.0,2.0,7.5663798401966815
2025-11,ICN,4921.0,0,0,115,166,107,0,22,166,46,80,0,0,296,577,1953.0,2968.0,577,49.19999999999993,24.0,-1.0,5.143847487001733
2025-11,IR,151.0,0,0,3,4,3,0,1,4,2,2,0,0,3,10,9.0,142.0,10,63.34999999999998,55.7,3.5,14.2
2025-11,MET,8315.0,0,0,2791,438,134,0,5,438,15,70,0,0,3221,6518,7812.0,503.0,6518,5.549999999999272,3.0,0.0,0.077984496124031
2025-11,NCL,9231.0,0,0,5,118,116,0,57,118,88,108,0,0,25,256,708.0,8523.0,256,197.3,151.0,40.0,57.58783783783784
2025-11,REG,608450.0,0,0,96840,38218,13519,0,435,38218,2327,7423,0,0,88177,228182,244334.0,364116.0,228182,11.0,7.0,1.0,1.6310883150043676
2025-11,,356548.0,0,0,7232,13556,8828,0,1348,13556,3352,6460,0,0,8708,29532,40976.0,315572.0,29532,56.0,33.0,4.0,10.698806617846488
2025-12,DIR,0.0,0,0,0,0,0,0,0,0,0,0,0,0,1,1,3.0,-3.0,1,-3.0,-3.0,-3.0,-3.0
2025-12,EC,9431.0,0,0,393,466,291,0,19,466,61,182,4,0,600,1497,2415.0,7016.0,1501,26.0,17.0,2.0,4.8087731322823855
2025-12,ECFR,241.0,0,0,2,18,9,0,0,18,2,5,0,0,0,20,0.0,241.0,20,33.000000000000014,20.30000000000002,8.5,12.05
2025-12,EN,1647.0,8,8,14,35,29,0,8,35,15,24,0,0,6,47,55.0,1592.0,55,119.59999999999994,98.4,10.0,28.945454545454545
2025-12,EXP,255.0,2,2,6,14,7,0,0,14,3,6,0,0,11,35,93.0,162.0,37,37.5,23.0,2.0,5.225806451612903
2025-12,FA,2058.0,0,0,51,84,51,0,7,84,16,39,0,0,49,184,192.0,1866.0,184,53.54999999999998,24.700000000000017,3.0,10.141304347826088
2025-12,FB,1214.0,0,0,22,39,26,0,6,39,9,19,0,0,16,77,53.0,1161.0,77,73.40000000000002,33.20000000000002,5.0,15.07792207792208
2025-12,FR,25936.0,4,4,594,1078,683,0,93,1078,238,490,0,0,540,2208,2241.0,23695.0,2212,52.44999999999982,32.0,4.0,10.712025316455696
2025-12,IC,25417.0,29,31,805,999,622,0,79,999,239,449,10,2,1396,3197,7484.0,17933.0,3238,41.04999999999973,22.0,1.0,5.6040625
2025-12,ICN,4197.0,0,0,115,139,76,0,17,139,36,53,0,0,364,618,2572.0,1625.0,618,32.14999999999998,12.300000000000068,-2.0,2.629449838187702
2025-12,IR,188.0,2,2,2,4,3,0,1,4,2,3,0,0,0,4,0.0,188.0,6,96.75,76.5,15.0,31.33333333333333
2025-12,MET,8292.0,16,16,2727,435,134,0,4,435,28,70,10,0,3502,6706,8758.0,-466.0,6732,5.0,3.0,-1.0,-0.0699279711884754
2025-12,NCL,1864.0,0,0,11,19,19,0,11,19,16,18,10,0,0,25,0.0,1864.0,35,212.8999999999997,141.00000000000003,42.0,62.133333333333326
2025-12,REG,579762.0,883,889,97841,35590,12309,0,465,35590,2250,6840,683,6,94291,230429,257083.0,322679.0,232001,10.0,6.0,0.0,1.4169865010846558
2025-12,,199938.0,0,0,4867,7746,4938,0,751,7746,1737,3490,0,0,5360,18099,24257.0,175681.0,18099,50.84314050500028,28.42107298745787,2.999336979943644,9.774477770897423
2026-01,DIR,0.0,0,0,1,0,0,0,0,0,0,0,1,0,0,0,0.0,0.0,1,0.0,0.0,0.0,0.0
2026-01,EC,9134.0,5,5,393,448,272,0,22,448,68,167,92,0,590,1334,2028.0,7106.0,1431,28.5,16.0,0.0,4.96575821104123
2026-01,ECFR,1199.0,0,0,7,40,32,0,3,40,15,28,2,0,13,58,84.0,1115.0,60,58.69999999999996,47.50000000000001,11.0,18.58333333333333
2026-01,EN,1378.0,4,4,9,43,34,0,3,43,13,25,2,0,4,50,35.0,1343.0,56,54.25,42.0,12.0,23.982142857142858
2026-01,EXP,144.0,0,0,5,2,2,0,1,2,2,2,2,0,7,12,61.0,83.0,14,58.549999999999976,24.000000000000032,-0.5,5.928571428571429
2026-01,FA,4146.0,2,2,157,171,97,0,14,171,34,64,2,0,182,506,1020.0,3126.0,510,41.54999999999996,19.0,1.0,6.129411764705883
2026-01,FB,1468.0,2,2,74,83,49,0,2,83,11,27,0,0,89,244,290.0,1178.0,246,26.5,15.0,1.0,4.788617886178862
2026-01,FR,64462.0,29,29,1846,2846,1730,0,196,2846,600,1197,20,0,2077,6720,9688.0,54774.0,6769,44.0,27.0,3.0,8.091889496232826
2026-01,IC,24222.0,132,146,934,961,590,0,71,961,223,423,150,14,1341,2940,6746.0,17476.0,3236,37.0,20.0,0.0,5.4004944375772554
2026-01,ICN,3411.0,0,0,93,117,86,0,13,117,38,59,0,0,311,521,2304.0,1107.0,521,41.0,17.0,-2.0,2.124760076775432
2026-01,MET,7057.0,86,86,2816,355,97,0,3,355,16,54,158,0,3602,6529,8832.0,-1775.0,6773,5.0,3.0,-1.0,-0.2620699837590433
2026-01,NCL,772.0,0,0,8,17,11,0,6,17,9,11,4,0,16,37,350.0,422.0,41,90.0,84.0,0.0,10.292682926829269
2026-01,REG,587972.0,3841,3857,105576,34744,12886,0,493,34744,2662,7421,9097,16,96461,223827,258262.0,329710.0,236781,10.0,6.0,0.0,1.392468145670472
2026-01,,2573.0,0,0,117,141,78,0,4,141,23,49,0,0,214,472,1215.0,1358.0,472,21.97881355932204,14.152542372881356,0.8601694915254239,2.8771186440677967
2026-02,EC,8138.0,15,15,386,426,252,0,13,426,70,168,44,0,570,1323,2104.0,6034.0,1382,29.90000000000009,17.0,1.0,4.366136034732272
2026-02,ECFR,648.0,0,0,7,32,20,0,1,32,6,12,2,0,15,52,115.0,533.0,54,43.44999999999996,32.20000000000002,7.0,9.87037037037037
2026-02,EN,1692.0,5,5,4,45,37,0,5,45,13,27,0,0,3,47,10.0,1682.0,52,173.0999999999999,51.49999999999999,18.5,32.34615384615385
2026-02,EXP,73.0,1,1,7,5,2,0,0,5,1,1,2,0,8,17,38.0,35.0,20,12.150000000000016,8.300000000000004,0.0,1.75
2026-02,FA,4400.0,8,8,122,159,106,0,19,159,44,78,2,0,136,407,670.0,3730.0,417,59.0,33.0,2.0,8.94484412470024
2026-02,FB,2621.0,4,16,55,91,66,0,11,91,20,46,1,12,72,201,322.0,2299.0,218,55.3499999999998,29.0,3.0,10.545871559633028
2026-02,FR,67732.0,42,46,1746,2572,1590,0,259,2572,562,1121,33,4,1929,6168,8592.0,59140.0,6247,51.0,27.0,3.0,9.466944133183928
2026-02,IC,21780.0,33,57,813,908,575,0,73,908,174,393,102,24,1145,2707,5505.0,16275.0,2866,36.0,20.0,1.0,5.678646196789951
2026-02,ICN,3699.0,0,0,100,114,76,0,17,114,32,55,0,0,258,472,1586.0,2113.0,472,44.0,19.800000000000065,-1.0,4.476694915254237
2026-02,IR,56.0,1,1,0,1,1,0,0,1,1,1,0,0,0,0,0.0,56.0,1,56.0,56.0,56.0,56.0
2026-02,MET,6385.0,92,92,2649,283,97,0,1,283,17,55,81,0,3060,5819,7752.0,-1367.0,5992,4.0,3.0,-1.0,-0.2281375166889185
2026-02,NCL,2957.0,3,3,15,57,52,0,25,57,38,48,12,0,37,94,887.0,2070.0,109,98.79999999999998,83.4,8.0,18.9908256880734
2026-02,REG,515559.0,3502,3526,100429,31364,10835,0,326,31364,1913,6093,5494,24,91664,214437,241438.0,274121.0,223457,9.0,6.0,0.0,1.2267281848409313
2026-02,,5194.0,1,1,399,209,103,0,13,209,52,91,27,0,292,872,1346.0,3848.0,900,34.46855555555552,13.271333333333336,1.6033333333333333,4.275555555555556
2026-03,EC,8669.0,8,8,390,427,263,0,17,427,65,167,31,0,678,1456,2195.0,6474.0,1495,27.0,16.0,0.0,4.330434782608696
2026-03,ECFR,573.0,0,0,5,22,17,0,2,22,6,13,0,0,30,57,191.0,382.0,57,52.79999999999998,30.599999999999994,-1.0,6.701754385964913
2026-03,EN,1150.0,4,4,4,47,40,0,2,47,10,32,0,0,4,51,23.0,1127.0,55,48.69999999999997,37.80000000000001,17.0,20.49090909090909
2026-03,EXP,307.0,2,2,4,9,7,0,2,9,2,5,1,0,5,15,33.0,274.0,18,73.69999999999989,36.10000000000002,4.0,15.22222222222222
2026-03,FA,2147.0,0,0,124,121,60,0,3,121,13,49,0,0,157,402,810.0,1337.0,402,22.94999999999999,16.0,1.0,3.325870646766169
2026-03,FB,1440.0,0,0,116,80,40,0,1,80,12,25,0,0,47,243,119.0,1321.0,243,29.0,15.600000000000025,2.0,5.436213991769547
2026-03,FR,47035.0,21,21,2040,2549,1404,0,89,2549,342,863,0,0,2358,6926,10868.0,36167.0,6947,29.0,18.0,2.0,5.20613214337124
2026-03,IC,21083.0,32,39,833,942,550,0,56,942,167,367,25,7,1389,3100,6528.0,14555.0,3164,30.0,16.0,0.0,4.600189633375474
2026-03,ICN,4041.0,0,0,112,121,77,0,19,121,43,65,0,0,361,594,2498.0,1543.0,594,50.35000000000002,16.700000000000045,-2.0,2.5976430976430978
2026-03,IR,0.0,1,1,1,0,0,0,0,0,0,0,0,0,1,1,1.0,-1.0,2,-0.05,-0.0999999999999999,-0.5,-0.5
2026-03,MET,9980.0,106,106,3395,476,171,0,0,476,30,112,55,0,3041,6751,7877.0,2103.0,6912,5.0,3.0,0.0,0.3042534722222222
2026-03,NCL,1846.0,0,0,50,31,26,0,14,31,20,24,45,0,5,41,77.0,1769.0,86,121.0,75.0,0.0,20.569767441860463
2026-03,REG,538917.0,2684,2705,106334,31595,10776,0,414,31595,2057,6089,1764,21,104388,237848,279123.0,259794.0,242317,9.0,5.0,0.0,1.0721245310894407
2026-03,,1653.0,0,0,182,102,24,0,0,102,24,24,101,0,49,232,506.0,1147.0,333,23.391591591591563,12.169969969969973,0.6006006006006005,3.444444444444445
2026-04,DIR,10.0,0,0,0,1,1,0,0,1,0,0,0,0,0,1,0.0,10.0,1,10.0,10.0,10.0,10.0
2026-04,EC,9660.0,7,7,439,558,331,0,15,558,59,176,19,0,560,1531,1761.0,7899.0,1557,25.0,16.0,2.0,5.073217726396917
2026-04,ECFR,418.0,0,0,14,23,14,0,1,23,3,10,2,0,13,48,102.0,316.0,50,29.199999999999992,22.200000000000003,4.0,6.32
2026-04,EN,1032.0,4,4,6,45,34,0,2,45,9,24,0,0,4,51,11.0,1021.0,55,45.49999999999999,32.2,11.0,18.563636363636363
2026-04,EXP,281.0,5,6,8,14,5,0,2,14,2,4,5,1,13,24,77.0,204.0,35,34.499999999999844,14.000000000000009,0.0,5.828571428571428
2026-04,FA,2868.0,6,6,115,105,58,0,7,105,21,39,0,0,133,347,541.0,2327.0,353,34.19999999999993,18.80000000000001,1.0,6.592067988668555
2026-04,FB,2510.0,4,4,93,98,56,0,6,98,16,40,0,0,45,232,125.0,2385.0,236,43.0,24.0,3.0,10.10593220338983
2026-04,FR,51136.0,218,223,2128,2433,1337,0,118,2433,391,864,15,5,2281,6604,10057.0,41079.0,6842,33.0,18.0,2.0,6.003946214557147
2026-04,IC,23810.0,57,60,864,1126,656,0,59,1126,224,438,77,3,1149,3002,5711.0,18099.0,3139,36.0,21.0,1.0,5.765848996495699
2026-04,ICN,2113.0,0,0,100,89,47,0,10,89,22,34,0,0,360,549,2495.0,-382.0,549,20.200000000000045,8.0,-3.0,-0.6958105646630237
2026-04,IR,90.0,2,2,1,4,1,0,1,4,1,1,0,0,1,4,2.0,88.0,6,55.5,39.0,5.0,14.666666666666666
2026-04,MET,8651.0,73,73,3247,406,121,0,0,406,20,65,34,0,3132,6678,8411.0,240.0,6785,5.0,3.0,0.0,0.0353721444362564
2026-04,NCL,1115.0,0,0,64,16,16,0,10,16,15,16,64,0,5,21,273.0,842.0,85,88.8,71.40000000000003,0.0,9.905882352941177
2026-04,REG,514852.0,2511,2534,103143,31369,10467,0,330,31369,1762,5654,1604,23,99702,230076,270043.0,244809.0,234214,9.0,6.0,0.0,1.0452364077296832
2026-04,,1829.0,0,0,83,107,48,0,0,107,24,24,52,0,62,200,660.0,1169.0,252,26.359920634920613,14.885714285714284,2.01984126984127,4.63888888888889
2026-05,EC,10466.0,8,8,477,563,317,0,20,563,85,199,55,0,555,1532,1747.0,8719.0,1595,32.0,17.0,2.0,5.466457680250784
2026-05,ECFR,779.0,0,0,24,25,21,0,3,25,8,13,0,0,6,55,34.0,745.0,55,57.09999999999998,43.00000000000002,4.0,13.545454545454543
2026-05,EN,1347.0,8,8,14,44,41,0,2,44,12,31,0,0,3,53,7.0,1340.0,61,54.0,37.0,15.0,21.9672131147541
2026-05,EXP,825.0,4,5,18,26,17,0,6,26,8,11,0,1,20,59,127.0,698.0,64,68.09999999999997,49.300000000000026,3.0,10.90625
2026-05,FA,3386.0,3,4,80,163,93,0,9,163,27,63,0,1,128,367,789.0,2597.0,371,42.0,23.0,3.0,7.0
2026-05,FB,2890.0,1,1,86,106,73,0,11,106,24,49,0,0,50,241,152.0,2738.0,242,47.89999999999998,28.90000000000001,3.0,11.31404958677686
2026-05,FR,69768.0,12,14,1902,3125,1905,0,186,3125,660,1361,5,2,2006,7014,8195.0,61573.0,7033,45.39999999999964,28.0,3.0,8.754869899047348
2026-05,IC,30590.0,46,51,769,1260,794,0,110,1260,303,563,45,5,1119,3052,6366.0,24224.0,3148,48.0,28.0,2.0,7.695044472681067
2026-05,ICN,4174.0,0,0,124,139,95,0,20,139,34,65,0,0,325,588,2679.0,1495.0,588,37.0,17.0,-2.0,2.542517006802721
2026-05,IR,48.0,2,2,2,1,1,0,0,1,1,1,0,0,0,1,0.0,48.0,3,39.9,35.800000000000004,3.0,16.0
2026-05,MET,9405.0,103,103,3805,413,111,0,2,413,21,63,81,0,2740,6774,5869.0,3536.0,6958,5.0,3.0,0.0,0.5081920091980454
2026-05,NCL,983.0,0,0,1,7,7,0,5,7,6,7,1,0,1,8,85.0,898.0,9,284.0,276.0,92.0,99.77777777777776
2026-05,REG,594761.0,3299,3319,106186,35520,13431,0,447,35520,2465,7637,6076,20,96178,228489,256893.0,337868.0,237884,10.0,6.0,0.0,1.4203056952127928
2026-05,,11347.0,0,0,228,468,346,0,45,468,125,245,22,0,188,862,745.0,10602.0,884,44.639366515837,30.234389140271507,6.029411764705882,11.993212669683258
2026-06,EC,8994.0,8,8,285,385,257,0,23,385,82,179,52,0,287,897,862.0,8132.0,957,46.0,27.0,2.0,8.497387669801462
2026-06,ECFR,301.0,0,0,12,12,10,0,0,12,4,5,0,0,0,24,0.0,301.0,24,50.699999999999996,46.3,4.5,12.541666666666666
2026-06,EN,973.0,4,4,4,36,30,0,1,36,12,24,0,0,3,39,64.0,909.0,43,51.09999999999999,37.800000000000004,18.0,21.13953488372093
2026-06,EXP,281.0,3,3,19,13,9,0,0,13,4,6,12,0,6,23,24.0,257.0,38,34.499999999999986,27.400000000000034,0.5,6.7631578947368425
2026-06,FA,1569.0,1,1,53,80,41,0,4,80,14,24,0,0,75,207,460.0,1109.0,208,37.54999999999984,17.0,2.0,5.331730769230769
2026-06,FB,1415.0,0,0,57,64,48,0,2,64,17,36,0,0,46,167,150.0,1265.0,167,36.099999999999966,28.80000000000001,2.0,7.574850299401198
2026-06,FR,54775.0,35,35,1346,2235,1423,0,186,2235,517,997,10,0,1432,4968,6074.0,48701.0,5013,50.0,30.0,3.0,9.714941153002194
2026-06,IC,23930.0,38,45,532,927,587,0,74,927,207,414,41,7,717,2090,3739.0,20191.0,2176,47.0,29.0,3.0,9.278952205882353
2026-06,ICN,2255.0,0,0,65,92,52,0,8,92,19,40,0,0,237,394,1765.0,490.0,394,28.349999999999966,14.699999999999989,-3.0,1.2436548223350254
2026-06,IR,98.0,1,1,0,3,2,0,0,3,2,2,0,0,0,2,0.0,98.0,3,54.8,52.6,35.0,32.666666666666664
2026-06,MET,5510.0,1056,1056,2592,240,36,0,0,240,2,13,133,0,2008,3651,4553.0,957.0,4840,4.0,3.0,0.0,0.19772727272727272
2026-06,NCL,65.0,0,0,4,1,1,0,1,1,1,1,4,0,3,4,97.0,-32.0,8,42.249999999999964,19.49999999999999,0.0,-4.0
2026-06,REG,424822.0,2913,2924,74114,25215,9774,0,361,25215,1800,5592,4501,11,67436,159340,183751.0,241071.0,166765,11.0,6.0,0.0,1.4455731118640003
2026-06,nan,153.0,0,0,7,6,4,0,1,6,1,3,2,0,8,19,26.0,127.0,21,19.0,17.0,0.0,6.0476190476190474
2026-06,,1274.0,0,0,44,32,30,0,11,32,11,23,5,0,44,115,147.0,1127.0,120,41.63249999999998,23.62,1.1583333333333334,9.391666666666664
