mese,categoria,cod_stazione,corse_osservate,effettuate,cancellate,soppresse,parzialmente_cancellate,info_mancante,in_orario,in_ritardo,in_anticipo,oltre_5,oltre_10,oltre_15,oltre_30,oltre_60,minuti_ritardo_tot,minuti_anticipo_tot,minuti_netti_tot,ruolo,nome_stazione,ritardo_medio,ritardo_mediano,p90,p95
2025-12,IC,S12002,1,1.0,0.0,0.0,0.0,0,0,1,0,1,1,1,1,1,96,0,96,nodo,PALERMO CENTRALE,96.0,96.0,96.0,96.0
2025-12,IC,S12301,1,1.0,0.0,0.0,0.0,0,0,1,0,1,1,1,1,1,96,0,96,nodo,MESSINA CENTRALE,96.0,96.0,96.0,96.0
2025-12,REG,S08409,1,1.0,0.0,0.0,0.0,0,0,0,1,0,0,0,0,0,0,6,-6,nodo,ROMA TERMINI,-6.0,-6.0,-6.0,-6.0
2025-12,REG,S08411,1,1.0,0.0,0.0,0.0,0,0,0,1,0,0,0,0,0,0,6,-6,nodo,FIUMICINO AEROPORTO,-6.0,-6.0,-6.0,-6.0
2026-01,EC,S01003,23,23.0,0.0,0.0,0.0,0,5,15,3,15,7,3,0,0,176,10,166,nodo,DOMODOSSOLA,7.299242424242424,6.5,13.75,17.249999999999996
2026-01,EC,S01301,51,51.0,0.0,0.0,0.0,0,19,8,24,8,4,4,1,0,168,71,97,nodo,CHIASSO,1.9207692307692308,0.0,8.150000000000006,11.199999999999996
2026-01,EC,S01700,62,62.0,0.0,0.0,0.0,0,22,16,24,16,7,3,0,0,204,70,134,nodo,MILANO CENTRALE,2.2104166666666667,1.0,8.100000000000001,10.674999999999995
2026-01,EC,S02001,24,24.0,0.0,0.0,0.0,0,4,13,7,13,8,6,3,0,254,17,237,nodo,BRENNERO,9.875,7.75,25.5,27.575
2026-01,EC,S02026,4,4.0,0.0,0.0,0.0,0,0,2,2,2,2,2,1,0,69,10,59,nodo,BOLZANO,14.75,14.75,20.15,20.825
2026-01,EC,S02430,4,4.0,0.0,0.0,0.0,0,0,3,1,3,2,1,0,0,37,2,35,nodo,VERONA PORTA NUOVA,8.75,8.75,13.75,14.375
2026-01,EC,S02593,16,16.0,0.0,0.0,0.0,0,4,7,5,7,3,3,1,0,120,11,109,nodo,VENEZIA S.LUCIA,6.8125,4.25,20.6,24.799999999999997
2026-01,EC,S05043,8,8.0,0.0,0.0,0.0,0,1,6,1,6,4,3,2,0,130,1,129,nodo,BOLOGNA CENTRALE,16.125,16.0,24.05,25.025
2026-01,EC,S06421,4,4.0,0.0,0.0,0.0,0,1,2,1,2,1,1,0,0,38,4,34,nodo,FIRENZE SANTA MARIA NOVELLA,8.5,8.5,14.9,15.7
2026-01,ECFR,S00201,4,4.0,0.0,0.0,0.0,0,1,1,2,1,1,1,0,0,25,19,6,nodo,MODANE,1.5,-3.0,16.300000000000004,19.14999999999999
2026-01,ECFR,S01700,4,4.0,0.0,0.0,0.0,0,1,1,2,1,1,1,0,0,25,19,6,nodo,MILANO CENTRALE,1.5,-3.0,16.300000000000004,19.14999999999999
2026-01,EN,S03015,1,1.0,0.0,0.0,0.0,0,1,0,0,0,0,0,0,0,0,0,0,nodo,TARVISIO BOSCOVERDE,0.0,0.0,0.0,0.0
2026-01,EN,S05043,2,2.0,0.0,0.0,0.0,0,0,1,1,1,1,1,1,0,37,7,30,nodo,BOLOGNA CENTRALE,15.0,15.0,15.0,15.0
2026-01,EN,S08217,3,3.0,0.0,0.0,0.0,0,1,1,1,1,1,1,1,0,37,7,30,nodo,ROMA TIBURTINA,16.75,16.75,18.15,18.325
2026-01,FA,S04700,8,8.0,0.0,0.0,0.0,0,3,3,2,3,2,1,0,0,47,18,29,nodo,GENOVA PIAZZA PRINCIPE,3.625,1.5,13.700000000000005,16.099999999999994
2026-01,FA,S05811,4,4.0,0.0,0.0,0.0,0,1,1,2,1,1,1,0,0,18,9,9,nodo,RAVENNA,2.25,2.25,7.65,8.325
2026-01,FA,S08409,36,36.0,0.0,0.0,0.0,0,12,13,11,13,7,5,1,0,208,68,140,nodo,ROMA TERMINI,3.888888888888889,0.75,15.700000000000005,20.974999999999977
2026-01,FA,S09311,4,4.0,0.0,0.0,0.0,0,2,1,1,1,1,1,1,0,51,3,48,nodo,BENEVENTO,12.0,12.0,22.8,24.15
2026-01,FA,S11119,4,4.0,0.0,0.0,0.0,0,2,2,0,2,0,0,0,0,17,0,17,nodo,BARI CENTRALE,4.25,4.25,5.25,5.375
2026-01,FA,S11145,8,8.0,0.0,0.0,0.0,0,3,2,3,2,0,0,0,0,17,21,-4,nodo,LECCE,-0.5,-1.5,3.650000000000001,4.324999999999998
2026-01,FA,S11781,8,8.0,0.0,0.0,0.0,0,1,4,3,4,3,2,0,0,58,17,41,nodo,REGGIO DI CALABRIA CENTRALE,5.125,2.0,14.700000000000005,17.099999999999994
2026-01,FB,S01700,4,4.0,0.0,0.0,0.0,0,1,2,1,2,2,1,0,0,26,4,22,nodo,MILANO CENTRALE,5.5,5.5,7.5,7.75
2026-01,FB,S04700,12,12.0,0.0,0.0,0.0,0,4,4,4,4,1,1,0,0,41,9,32,nodo,GENOVA PIAZZA PRINCIPE,2.666666666666667,1.5,8.5,9.25
2026-01,FB,S08409,16,16.0,0.0,0.0,0.0,0,5,6,5,6,3,2,0,0,67,13,54,nodo,ROMA TERMINI,3.375,3.5,10.15,10.325
2026-01,FR,S00219,91,91.0,0.0,0.0,0.0,0,17,64,10,64,41,28,11,3,1279,26,1253,nodo,TORINO PORTA NUOVA,13.746135265700484,7.75,31.40000000000001,43.2
2026-01,FR,S01700,243,243.0,0.0,0.0,0.0,0,73,116,54,116,69,48,22,7,2569,232,2337,nodo,MILANO CENTRALE,9.634487666034156,4.5,26.6,44.42499999999998
2026-01,FR,S01717,12,12.0,0.0,0.0,0.0,0,7,4,1,4,3,2,0,0,70,2,68,nodo,BRESCIA,5.666666666666667,2.0,14.75,16.125
2026-01,FR,S02026,28,28.0,0.0,0.0,0.0,0,9,14,5,14,8,4,2,2,381,21,360,nodo,BOLZANO,12.857142857142858,4.0,21.450000000000017,56.999999999999964
2026-01,FR,S02336,4,4.0,0.0,0.0,0.0,0,1,2,1,2,2,2,0,0,40,1,39,nodo,MANTOVA,9.75,9.75,10.75,10.875
2026-01,FR,S02593,125,125.0,0.0,0.0,0.0,0,39,63,23,63,37,23,7,2,1076,97,979,nodo,VENEZIA S.LUCIA,7.844086021505376,5.0,23.550000000000008,29.975
2026-01,FR,S03026,8,8.0,0.0,0.0,0.0,0,4,3,1,3,2,1,1,1,137,1,136,nodo,UDINE,17.0,4.0,43.3,51.39999999999998
2026-01,FR,S03304,3,3.0,0.0,0.0,0.0,0,1,0,2,0,0,0,0,0,1,5,-4,nodo,GORIZIA CENTRALE,-0.75,-0.75,-0.55,-0.5249999999999999
2026-01,FR,S03317,19,19.0,0.0,0.0,0.0,0,5,7,7,7,5,3,1,0,126,19,107,nodo,TRIESTE CENTRALE,5.294444444444444,3.75,13.549999999999995,16.024999999999995
2026-01,FR,S04702,4,4.0,0.0,0.0,0.0,0,0,4,0,4,4,4,2,0,114,0,114,nodo,GENOVA BRIGNOLE,28.5,28.5,31.3,31.65
2026-01,FR,S06421,8,8.0,0.0,0.0,0.0,0,3,2,3,2,2,2,0,0,40,16,24,nodo,FIRENZE SANTA MARIA NOVELLA,3.0,4.0,10.05,10.275
2026-01,FR,S07004,4,4.0,0.0,0.0,0.0,0,0,4,0,4,3,2,1,0,84,0,84,nodo,PERUGIA,21.0,21.0,27.4,28.2
2026-01,FR,S07113,7,7.0,0.0,0.0,0.0,0,2,3,2,3,3,2,2,1,111,10,101,nodo,ANCONA,15.0,3.75,38.8,43.39999999999999
2026-01,FR,S07810,7,7.0,0.0,0.0,0.0,0,1,6,0,6,3,2,0,0,73,0,73,nodo,PESCARA,10.083333333333334,8.25,17.8,19.15
2026-01,FR,S08409,128,128.0,0.0,0.0,0.0,0,46,41,41,41,25,18,8,2,964,207,757,nodo,ROMA TERMINI,5.907081807081807,1.0,20.3,34.84999999999998
2026-01,FR,S09218,137,137.0,0.0,0.0,0.0,0,36,70,31,70,48,35,11,6,1518,93,1425,nodo,NAPOLI CENTRALE,10.400255754475705,5.0,26.200000000000017,39.62499999999994
2026-01,FR,S09818,28,28.0,0.0,0.0,0.0,0,5,12,11,12,8,6,5,2,410,59,351,nodo,SALERNO,12.25897435897436,1.5,39.3,59.54999999999994
2026-01,FR,S09823,4,4.0,0.0,0.0,0.0,0,0,4,0,4,2,2,0,0,50,0,50,nodo,BATTIPAGLIA,12.5,12.5,16.1,16.55
2026-01,FR,S11100,4,4.0,0.0,0.0,0.0,0,0,3,1,3,2,1,1,0,61,7,54,nodo,FOGGIA,13.5,13.5,24.3,25.65
2026-01,FR,S11119,15,15.0,0.0,0.0,0.0,0,3,11,1,11,6,4,2,0,199,4,195,nodo,BARI CENTRALE,13.571428571428571,14.75,24.55,27.025
2026-01,FR,S11145,30,30.0,0.0,0.0,0.0,0,12,11,7,11,8,6,2,0,247,54,193,nodo,LECCE,6.401785714285714,2.75,26.200000000000006,31.8
2026-01,FR,S11465,3,3.0,0.0,0.0,0.0,0,0,3,0,3,2,2,2,2,252,0,252,nodo,TARANTO,90.0,90.0,116.8,120.15
2026-01,FR,S11781,20,20.0,0.0,0.0,0.0,0,3,10,7,10,4,4,2,0,169,64,105,nodo,REGGIO DI CALABRIA CENTRALE,5.25,0.5,22.599999999999994,27.54999999999999
2026-01,FR,S11811,4,4.0,0.0,0.0,0.0,0,1,3,0,3,3,1,0,0,49,0,49,nodo,SIBARI,12.25,12.25,15.65,16.075
2026-01,IC,S00219,15,15.0,0.0,0.0,0.0,0,2,5,8,5,2,2,2,0,97,32,65,nodo,TORINO PORTA NUOVA,4.5625,-1.5,20.9,22.95
2026-01,IC,S01645,2,2.0,0.0,0.0,0.0,0,0,1,1,1,0,0,0,0,8,4,4,nodo,MILANO PORTA GARIBALDI,2.0,2.0,6.800000000000001,7.399999999999999
2026-01,IC,S01700,89,89.0,0.0,0.0,0.0,0,25,44,20,44,20,16,7,3,809,96,713,nodo,MILANO CENTRALE,8.002525252525253,4.0,23.45000000000001,34.65
2026-01,IC,S02026,4,4.0,0.0,0.0,0.0,0,0,1,3,1,0,0,0,0,6,8,-2,nodo,BOLZANO,-0.5,-0.5,1.5,1.7499999999999996
2026-01,IC,S03317,7,7.0,0.0,0.0,0.0,0,4,0,3,0,0,0,0,0,10,14,-4,nodo,TRIESTE CENTRALE,-0.2916666666666666,1.25,2.5,2.5
2026-01,IC,S04501,28,28.0,0.0,0.0,0.0,0,8,10,10,10,4,2,1,0,134,42,92,nodo,VENTIMIGLIA,3.2857142857142856,2.0,13.80000000000001,18.075
2026-01,IC,S04702,4,4.0,0.0,0.0,0.0,0,0,1,3,1,0,0,0,0,9,19,-10,nodo,GENOVA BRIGNOLE,-2.5,-2.5,1.5,2.0
2026-01,IC,S04725,4,4.0,0.0,0.0,0.0,0,1,2,1,2,2,1,0,0,31,2,29,nodo,SESTRI LEVANTE,7.25,7.25,13.45,14.225
2026-01,IC,S04801,4,4.0,0.0,0.0,0.0,0,1,2,1,2,1,1,1,0,38,3,35,nodo,SAVONA,8.75,8.75,16.55,17.525
2026-01,IC,S06000,12,12.0,0.0,0.0,0.0,0,1,10,1,10,5,4,0,0,124,1,123,nodo,LA SPEZIA CENTRALE,10.25,9.75,18.0,19.25
2026-01,IC,S06039,4,4.0,0.0,0.0,0.0,0,0,3,1,3,1,1,0,0,37,1,36,nodo,GROSSETO,9.0,9.0,13.4,13.95
2026-01,IC,S06419,1,1.0,0.0,0.0,0.0,0,0,1,0,1,0,0,0,0,6,0,6,nodo,FIRENZE CASTELLO,6.0,6.0,6.0,6.0
2026-01,IC,S06421,4,4.0,0.0,0.0,0.0,0,3,0,1,0,0,0,0,0,3,5,-2,nodo,FIRENZE SANTA MARIA NOVELLA,-0.5,-0.5,1.1,1.2999999999999998
2026-01,IC,S06725,15,15.0,0.0,0.0,0.0,0,6,9,0,9,2,2,0,0,120,0,120,nodo,LIVORNO CENTRALE,7.982142857142858,6.25,14.800000000000002,20.899999999999988
2026-01,IC,S07004,4,4.0,0.0,0.0,0.0,0,0,3,1,3,2,1,0,0,40,1,39,nodo,PERUGIA,9.75,9.75,12.75,13.125
2026-01,IC,S07113,8,8.0,0.0,0.0,0.0,0,4,1,3,1,1,0,0,0,15,15,0,nodo,ANCONA,0.0,-0.75,4.850000000000001,5.674999999999998
2026-01,IC,S07226,4,4.0,0.0,0.0,0.0,0,1,1,2,1,1,1,1,0,37,8,29,nodo,TERNI,7.25,7.25,16.25,17.375
2026-01,IC,S07810,4,4.0,0.0,0.0,0.0,0,2,2,0,2,0,0,0,0,16,0,16,nodo,PESCARA,4.0,4.0,6.0,6.25
2026-01,IC,S08409,73,73.0,0.0,0.0,0.0,0,27,21,25,21,15,13,8,3,716,112,604,nodo,ROMA TERMINI,8.232732732732734,1.0,26.0,43.27499999999984
2026-01,IC,S09211,4,4.0,0.0,0.0,0.0,0,0,3,1,3,1,1,1,0,68,3,65,nodo,CASERTA,16.25,16.25,28.05,29.525
2026-01,IC,S09218,8,8.0,0.0,0.0,0.0,0,1,5,2,5,4,2,1,0,85,8,77,nodo,NAPOLI CENTRALE,9.625,8.5,20.85,23.175
2026-01,IC,S09818,12,12.0,0.0,0.0,0.0,0,1,4,7,4,1,1,1,0,57,39,18,nodo,SALERNO,1.5000000000000002,-1.75,13.75,17.625
2026-01,IC,S11119,8,8.0,0.0,0.0,0.0,0,1,3,4,3,2,2,1,0,59,15,44,nodo,BARI CENTRALE,5.5,-0.5,19.350000000000005,23.17499999999999
2026-01,IC,S11145,23,23.0,0.0,0.0,0.0,0,8,6,9,6,3,3,2,1,149,40,109,nodo,LECCE,4.761363636363637,0.5,11.950000000000005,30.89999999999999
2026-01,IC,S11461,2,2.0,0.0,0.0,0.0,0,0,1,1,1,1,1,1,1,106,4,102,nodo,METAPONTO,51.0,51.0,51.0,51.0
2026-01,IC,S11465,6,6.0,0.0,0.0,0.0,0,2,2,2,2,2,2,1,1,86,10,76,nodo,TARANTO,12.666666666666668,-1.5,33.300000000000004,37.64999999999999
2026-01,IC,S11774,4,4.0,0.0,0.0,0.0,0,0,3,1,3,2,2,1,0,59,6,53,nodo,VILLA S.GIOVANNI,13.25,13.25,24.25,25.625
2026-01,IC,S11781,21,21.0,0.0,0.0,0.0,0,7,8,6,8,6,6,4,0,195,34,161,nodo,REGGIO DI CALABRIA CENTRALE,7.50909090909091,3.5,25.7,31.099999999999994
2026-01,IC,S12002,16,16.0,0.0,0.0,0.0,0,7,3,6,3,2,2,1,0,83,31,52,nodo,PALERMO CENTRALE,3.25,-0.75,13.849999999999994,24.174999999999983
2026-01,IC,S12301,28,28.0,0.0,0.0,0.0,0,12,9,7,9,8,8,4,3,459,35,424,nodo,MESSINA CENTRALE,15.142857142857142,0.25,43.600000000000016,72.69999999999997
2026-01,IC,S12349,6,6.0,0.0,0.0,0.0,0,6,0,0,0,0,0,0,0,0,0,0,nodo,SIRACUSA,0.0,0.0,0.0,0.0
2026-01,ICN,S00219,13,13.0,0.0,0.0,0.0,0,3,5,5,5,1,0,0,0,43,9,34,nodo,TORINO PORTA NUOVA,2.666666666666667,3.5,7.0,8.0
2026-01,ICN,S01700,7,7.0,0.0,0.0,0.0,0,2,3,2,3,2,2,1,0,74,6,68,nodo,MILANO CENTRALE,9.125,3.0,24.800000000000004,28.64999999999999
2026-01,ICN,S03317,4,4.0,0.0,0.0,0.0,0,0,0,4,0,0,0,0,0,0,58,-58,nodo,TRIESTE CENTRALE,-14.5,-14.5,-14.1,-14.05
2026-01,ICN,S08409,4,4.0,0.0,0.0,0.0,0,0,0,4,0,0,0,0,0,0,58,-58,nodo,ROMA TERMINI,-14.5,-14.5,-14.1,-14.05
2026-01,ICN,S09818,8,8.0,0.0,0.0,0.0,0,2,3,3,3,0,0,0,0,21,5,16,nodo,SALERNO,2.0,2.5,4.85,4.925
2026-01,ICN,S11145,9,9.0,0.0,0.0,0.0,0,3,4,2,4,2,2,1,0,83,6,77,nodo,LECCE,9.025,3.5,23.800000000000004,28.14999999999999
2026-01,ICN,S11781,3,3.0,0.0,0.0,0.0,0,0,1,2,1,1,0,0,0,13,4,9,nodo,REGGIO DI CALABRIA CENTRALE,1.5,1.5,4.3,4.65
2026-01,ICN,S12002,4,4.0,0.0,0.0,0.0,0,1,1,2,1,1,1,1,1,116,23,93,nodo,PALERMO CENTRALE,23.25,23.25,51.05,54.525
2026-01,ICN,S12301,4,4.0,0.0,0.0,0.0,0,1,1,2,1,1,1,1,1,116,23,93,nodo,MESSINA CENTRALE,23.25,23.25,51.05,54.525
2026-01,MET,S09101,258,258.0,0.0,0.0,0.0,0,133,7,118,7,0,0,0,0,202,208,-6,nodo,POZZUOLI SOLFATARA,-0.0229567307692307,0.0,2.0500000000000043,3.0
2026-01,MET,S09103,212,212.0,0.0,0.0,0.0,0,72,25,115,25,12,4,1,0,416,320,96,nodo,NAPOLI CAMPI FLEGREI,0.4488960113960114,-0.5,4.5,9.524999999999984
2026-01,MET,S09110,4,4.0,0.0,0.0,0.0,0,1,0,3,0,0,0,0,0,3,8,-5,nodo,NAPOLI GIANTURCO,-1.25,-1.25,0.5500000000000002,0.7749999999999997
2026-01,MET,S09211,48,48.0,0.0,0.0,0.0,0,26,10,12,10,3,1,1,0,171,18,153,nodo,CASERTA,3.2185314685314683,2.0,5.700000000000001,8.825
2026-01,MET,S09756,8,8.0,0.0,0.0,0.0,0,8,0,0,0,0,0,0,0,4,0,4,nodo,CASTELLAMMARE DI STABIA,0.5,0.0,2.0,2.0
2026-01,MET,S09800,261,261.0,0.0,0.0,0.0,0,133,7,121,7,1,0,0,0,201,200,1,nodo,NAPOLI S.GIOVANNI BARRA,0.0025249559600704,-0.5,2.0,3.5
2026-01,MET,S09806,12,12.0,0.0,0.0,0.0,0,4,1,7,1,0,0,0,0,16,13,3,nodo,TORRE ANNUNZIATA CENTRALE,0.25,0.25,1.75,2.125
2026-01,MET,S09818,113,113.0,0.0,0.0,0.0,0,25,12,76,12,8,3,0,0,193,239,-46,nodo,SALERNO,-0.424294670846395,-2.0,4.0,10.799999999999995
2026-01,REG,N00019,4,4.0,0.0,0.0,0.0,0,3,1,0,1,0,0,0,0,12,0,12,nodo,TRADATE,3.0,3.0,4.7,4.85
2026-01,REG,N00024,75,75.0,0.0,0.0,0.0,0,33,40,2,40,18,11,2,0,576,4,572,nodo,VARESE NORD,7.754360465116279,5.5,15.100000000000009,23.149999999999995
2026-01,REG,N00025,7,7.0,0.0,0.0,0.0,0,1,6,0,6,4,2,0,0,97,0,97,nodo,VARESE CASBENO,14.8,14.0,23.5,25.25
2026-01,REG,N00041,1,1.0,0.0,0.0,0.0,0,0,1,0,1,1,1,0,0,24,0,24,nodo,GRANDATE - BRECCIA,24.0,24.0,24.0,24.0
2026-01,REG,N00045,1,1.0,0.0,0.0,0.0,0,0,0,1,0,0,0,0,0,0,1,-1,nodo,RESCALDINA,-1.0,-1.0,-1.0,-1.0
2026-01,REG,N00055,65,65.0,0.0,0.0,0.0,0,35,29,1,29,13,8,3,0,456,2,454,nodo,NOVARA NORD,7.056451612903226,3.5,17.9,30.299999999999997
2026-01,REG,N00066,5,5.0,0.0,0.0,0.0,0,5,0,0,0,0,0,0,0,0,0,0,nodo,MEDA,0.0,0.0,0.0,0.0
2026-01,REG,N00068,2,2.0,0.0,0.0,0.0,0,2,0,0,0,0,0,0,0,5,0,5,nodo,MARIANO COMENSE,2.5,2.5,3.7,3.85
2026-01,REG,N00073,3,3.0,0.0,0.0,0.0,0,1,2,0,2,2,1,0,0,33,0,33,nodo,MERONE,11.0,13.0,15.4,15.7
2026-01,REG,N00074,25,25.0,0.0,0.0,0.0,0,10,15,0,15,9,5,0,0,209,0,209,nodo,ERBA,8.39102564102564,6.5,16.75,19.325
2026-01,REG,N00079,60,60.0,0.0,0.0,0.0,0,25,31,4,31,19,10,4,0,470,6,464,nodo,ASSO,7.866071428571429,5.25,15.45,24.599999999999987
2026-01,REG,N00210,49,49.0,0.0,0.0,0.0,0,30,16,3,16,5,3,1,1,281,8,273,nodo,ISEO,5.31517094017094,2.0,10.750000000000004,15.97499999999999
2026-01,REG,N00211,1,1.0,0.0,0.0,0.0,0,1,0,0,0,0,0,0,0,1,0,1,nodo,PILZONE,1.0,1.0,1.0,1.0
2026-01,REG,N00217,4,4.0,0.0,0.0,0.0,0,1,2,1,2,1,0,0,0,22,1,21,nodo,PISOGNE,5.25,5.25,9.45,9.975
2026-01,REG,N00226,7,7.0,0.0,0.0,0.0,0,5,1,1,1,0,0,0,0,13,1,12,nodo,BRENO,1.8333333333333333,1.5,3.2500000000000004,3.624999999999999
2026-01,REG,N00235,46,46.0,0.0,0.0,0.0,0,15,18,13,18,9,6,1,0,248,32,216,nodo,EDOLO,4.488636363636363,3.0,11.45,11.925
2026-01,REG,S00015,1,1.0,0.0,0.0,0.0,0,1,0,0,0,0,0,0,0,4,0,4,nodo,GOZZANO,4.0,4.0,4.0,4.0
2026-01,REG,S00016,4,4.0,0.0,0.0,0.0,0,2,2,0,2,0,0,0,0,19,0,19,nodo,BORGOMANERO,4.75,4.75,5.75,5.875
2026-01,REG,S00034,123,123.0,0.0,0.0,0.0,0,46,29,48,29,12,7,2,0,422,133,289,nodo,MORTARA,2.382282838983051,1.0,9.0,13.449999999999989
2026-01,REG,S00039,2,2.0,0.0,0.0,0.0,0,1,1,0,1,0,0,0,0,10,0,10,nodo,TORREBERETTI,5.0,5.0,6.6,6.8
2026-01,REG,S00070,130,130.0,0.0,0.0,0.0,0,69,13,48,13,5,4,0,0,267,104,163,nodo,BIELLA S.PAOLO,1.2538461538461538,0.5,4.300000000000001,9.499999999999986
2026-01,REG,S00074,2,2.0,0.0,0.0,0.0,0,0,1,1,1,0,0,0,0,9,1,8,nodo,SALUSSOLA,4.0,4.0,4.0,4.0
2026-01,REG,S00154,108,108.0,0.0,0.0,0.0,0,57,32,19,32,8,4,2,0,437,43,394,nodo,IVREA,3.648148148148148,3.0,7.850000000000001,10.024999999999991
2026-01,REG,S00202,59,59.0,0.0,0.0,0.0,0,20,7,32,7,3,1,1,0,134,81,53,nodo,BARDONECCHIA,0.8873563218390805,-0.5,4.65,7.42499999999999
2026-01,REG,S00204,1,1.0,0.0,0.0,0.0,0,0,1,0,1,1,1,0,0,19,0,19,nodo,OULX CESANA CLAVIERE SESTRIERE,19.0,19.0,19.0,19.0
2026-01,REG,S00205,12,12.0,0.0,0.0,0.0,0,2,2,8,2,1,1,1,0,42,13,29,nodo,SALBERTRAND,2.4166666666666665,-1.0,10.5,13.25
2026-01,REG,S00208,8,8.0,0.0,0.0,0.0,0,4,0,4,0,0,0,0,0,6,11,-5,nodo,BUSSOLENO,-0.625,-1.0,1.8000000000000007,2.3999999999999986
2026-01,REG,S00219,452,452.0,0.0,0.0,0.0,0,170,92,190,92,27,10,5,0,1240,572,668,nodo,TORINO PORTA NUOVA,1.476417033773862,1.0,7.0,10.399999999999991
2026-01,REG,S00228,208,208.0,0.0,0.0,0.0,0,108,55,45,55,16,6,0,0,694,64,630,nodo,TORINO STURA,3.028846153846154,2.0,8.5,11.849999999999994
2026-01,REG,S00232,175,175.0,0.0,0.0,0.0,0,89,47,39,47,10,2,0,0,559,123,436,nodo,CHIVASSO,2.495950888192268,2.5,7.0,9.525
2026-01,REG,S00240,60,60.0,0.0,0.0,0.0,0,36,6,18,6,3,3,0,0,153,36,117,nodo,SANTHIA\',1.95,0.5,6.400000000000006,11.099999999999994
2026-01,REG,S00245,56,56.0,0.0,0.0,0.0,0,37,12,7,12,2,1,0,0,148,11,137,nodo,VERCELLI,2.446428571428572,1.5,5.65,7.949999999999996
2026-01,REG,S00248,364,364.0,0.0,0.0,0.0,0,148,125,91,125,59,35,17,3,2144,222,1922,nodo,NOVARA,5.2860248165927,3.0,13.5,24.450000000000003
2026-01,REG,S00252,2,2.0,0.0,0.0,0.0,0,0,2,0,2,2,2,2,1,106,0,106,nodo,TRECATE,53.0,53.0,53.0,53.0
2026-01,REG,S00260,71,71.0,0.0,0.0,0.0,0,32,10,29,10,4,0,0,0,139,69,70,nodo,SUSA,0.9781746031746033,0.25,6.300000000000001,9.375
2026-01,REG,S00314,28,28.0,0.0,0.0,0.0,0,6,3,19,3,1,1,0,0,39,56,-17,nodo,CASALE MONFERRATO,-0.6071428571428571,-2.0,3.750000000000002,7.299999999999997
2026-01,REG,S00452,55,55.0,0.0,0.0,0.0,0,28,12,15,12,5,3,2,1,281,31,250,nodo,TORINO LINGOTTO,4.506666666666667,2.25,8.250000000000004,23.72499999999993
2026-01,REG,S00455,2,2.0,0.0,0.0,0.0,0,1,1,0,1,1,1,0,0,19,0,19,nodo,TROFARELLO,9.5,9.5,9.5,9.5
2026-01,REG,S00462,181,181.0,0.0,0.0,0.0,0,82,46,53,46,19,10,0,0,628,122,506,nodo,ASTI,2.787784299339692,2.0,9.0,14.549999999999995
2026-01,REG,S00470,247,247.0,0.0,0.0,0.0,0,97,57,93,57,19,7,1,0,744,296,448,nodo,ALESSANDRIA,1.8070416994492529,0.75,7.350000000000001,11.374999999999991
2026-01,REG,S00500,118,118.0,0.0,0.0,0.0,0,84,20,14,20,4,0,0,0,302,27,275,nodo,CHIERI,2.330508474576271,1.5,5.600000000000001,8.549999999999997
2026-01,REG,S00512,2,2.0,0.0,0.0,0.0,0,0,1,1,1,1,0,0,0,14,6,8,nodo,CANDIOLO,4.0,4.0,4.0,4.0
2026-01,REG,S00517,88,88.0,0.0,0.0,0.0,0,41,37,10,37,10,2,0,0,399,36,363,nodo,PINEROLO,4.125,4.0,9.85,11.775000000000002
2026-01,REG,S00601,7,7.0,0.0,0.0,0.0,0,3,3,1,3,1,0,0,0,33,1,32,nodo,CARMAGNOLA,4.125,3.5,6.750000000000001,7.374999999999998
2026-01,REG,S00606,131,131.0,0.0,0.0,0.0,0,44,16,71,16,5,2,0,0,252,145,107,nodo,FOSSANO,0.7966853408029878,-1.0,5.5,8.299999999999997
2026-01,REG,S00610,66,66.0,0.0,0.0,0.0,0,33,10,23,10,3,2,1,0,155,46,109,nodo,CUNEO,1.6515151515151514,0.5,6.000000000000002,10.49999999999999
2026-01,REG,S00617,36,36.0,0.0,0.0,0.0,0,12,0,24,0,0,0,0,0,11,63,-52,nodo,LIMONE,-1.4458204334365323,-1.5,1.2000000000000002,1.6999999999999975
2026-01,REG,S00742,8,8.0,0.0,0.0,0.0,0,2,2,4,2,0,0,0,0,16,6,10,nodo,CEVA,1.25,1.5,3.7,3.85
2026-01,REG,S00821,4,4.0,0.0,0.0,0.0,0,3,1,0,1,1,1,1,1,71,0,71,nodo,BRA,17.75,17.75,30.75,32.375
2026-01,REG,S00825,82,82.0,0.0,0.0,0.0,0,42,22,18,22,8,3,1,0,288,50,238,nodo,ALBA,2.902439024390244,1.0,7.5,12.0
2026-01,REG,S00867,108,108.0,0.0,0.0,0.0,0,65,25,18,25,8,5,0,0,389,39,350,nodo,ACQUI TERME,3.2407407407407405,2.5,7.700000000000003,10.899999999999975
2026-01,REG,S00884,108,108.0,0.0,0.0,0.0,0,76,19,13,19,5,1,0,0,283,26,257,nodo,RIVAROLO,2.3796296296296298,1.5,6.350000000000001,7.699999999999989
2026-01,REG,S01003,95,95.0,0.0,0.0,0.0,0,30,42,23,42,15,9,3,0,529,84,445,nodo,DOMODOSSOLA,4.651595744680851,3.25,11.85,20.774999999999977
2026-01,REG,S01020,87,87.0,0.0,0.0,0.0,0,37,30,20,30,11,4,2,0,368,40,328,nodo,ARONA,3.737539766702015,2.5,10.25,12.375
2026-01,REG,S01030,159,159.0,0.0,0.0,0.0,0,80,36,43,36,15,9,6,0,654,78,576,nodo,GALLARATE,3.614349065568578,1.5,10.500000000000014,13.875000000000014
2026-01,REG,S01031,1,1.0,0.0,0.0,0.0,0,1,0,0,0,0,0,0,0,0,0,0,nodo,BUSTO ARSIZIO,0.0,0.0,0.0,0.0
2026-01,REG,S01037,55,55.0,0.0,0.0,0.0,0,28,9,18,9,5,4,2,2,364,25,339,nodo,RHO,6.23474801061008,1.5,7.249999999999998,15.849999999999998
2026-01,REG,S01059,241,241.0,0.0,0.0,0.0,0,142,53,46,53,8,4,0,0,641,68,573,nodo,ALBAIRATE-VERMEZZO,2.374397133801846,1.5,7.0,8.5
2026-01,REG,S01062,8,8.0,0.0,0.0,0.0,0,5,2,1,2,0,0,0,0,26,1,25,nodo,ABBIATEGRASSO,3.125,3.25,5.7,5.85
2026-01,REG,S01066,840,840.0,0.0,0.0,0.0,0,416,370,54,370,182,97,34,5,5893,109,5784,nodo,MILANO CADORNA,6.941866481682597,4.0,16.5,27.049999999999983
2026-01,REG,S01074,67,67.0,0.0,0.0,0.0,0,37,24,6,24,14,10,1,0,392,22,370,nodo,GARBAGNATE MILANESE,5.572321428571429,2.0,19.050000000000004,23.52499999999999
2026-01,REG,S01083,22,22.0,0.0,0.0,0.0,0,18,4,0,4,0,0,0,0,62,0,62,nodo,PALAZZOLO MILANESE,2.696428571428571,2.75,4.8,5.324999999999999
2026-01,REG,S01086,6,6.0,0.0,0.0,0.0,0,2,4,0,4,4,4,1,0,99,0,99,nodo,CESANO MADERNO,16.5,18.0,29.0,31.5
2026-01,REG,S01113,56,56.0,0.0,0.0,0.0,0,22,30,4,30,14,11,0,0,399,10,389,nodo,LUINO,6.946428571428571,5.25,15.1,17.799999999999997
2026-01,REG,S01118,40,40.0,0.0,0.0,0.0,0,15,25,0,25,12,9,0,0,337,0,337,nodo,LAVENO MOMBELLO,8.425,7.25,14.750000000000004,17.175000000000004
2026-01,REG,S01138,3,3.0,0.0,0.0,0.0,0,1,2,0,2,2,2,1,0,50,0,50,nodo,FERNO - LONATE POZZOLO,16.666666666666668,16.0,29.6,31.3
2026-01,REG,S01146,212,212.0,0.0,0.0,0.0,0,126,45,41,45,26,17,5,0,871,54,817,nodo,MALPENSA AEROPORTO TERMINAL 2,3.85377358490566,0.75,12.0,21.5
2026-01,REG,S01200,68,68.0,0.0,0.0,0.0,0,21,37,10,37,20,10,0,0,453,16,437,nodo,PORTO CERESIO,6.426470588235294,6.25,12.35,14.849999999999998
2026-01,REG,S01205,210,210.0,0.0,0.0,0.0,0,81,75,54,75,38,22,8,5,1333,104,1229,nodo,VARESE,5.855406386066764,1.5,16.700000000000003,26.649999999999977
2026-01,REG,S01301,176,176.0,0.0,0.0,0.0,0,65,21,90,21,4,0,0,0,259,182,77,nodo,CHIASSO,0.6809973045822102,0.0,4.550000000000001,5.5
2026-01,REG,S01307,304,304.0,0.0,0.0,0.0,0,138,49,117,49,18,10,1,0,760,193,567,nodo,COMO S.GIOVANNI,1.8637622819547248,0.5,6.0,11.25
2026-01,REG,S01308,40,40.0,0.0,0.0,0.0,0,15,2,23,2,1,0,0,0,38,49,-11,nodo,COMO CAMERLATA,-0.275,-1.0,2.1000000000000014,3.299999999999983
2026-01,REG,S01310,2,2.0,0.0,0.0,0.0,0,0,0,2,0,0,0,0,0,0,10,-10,nodo,PM ALBATE,-5.0,-5.0,-4.2,-4.1
2026-01,REG,S01316,105,105.0,0.0,0.0,0.0,0,36,44,25,44,18,9,6,1,726,57,669,nodo,CAMNAGO-LENTATE,6.41455007256894,3.5,14.199999999999996,27.19999999999999
2026-01,REG,S01318,8,8.0,0.0,0.0,0.0,0,3,2,3,2,1,1,0,0,40,6,34,nodo,SEREGNO,3.6666666666666665,0.5,10.7,13.099999999999998
2026-01,REG,S01322,11,11.0,0.0,0.0,0.0,0,7,3,1,3,1,1,0,0,51,1,50,nodo,MONZA,4.466666666666667,3.0,10.05,13.275
2026-01,REG,S01325,2,2.0,0.0,0.0,0.0,0,1,0,1,0,0,0,0,0,2,2,0,nodo,SESTO S.GIOVANNI,0.0,0.0,0.0,0.0
2026-01,REG,S01326,195,195.0,0.0,0.0,0.0,0,66,56,73,56,26,11,0,0,733,169,564,nodo,MILANO GRECO PIRELLI,2.872368421052632,1.5,11.5,16.674999999999997
2026-01,REG,S01400,64,64.0,0.0,0.0,0.0,0,46,14,4,14,2,1,0,0,204,6,198,nodo,CHIAVENNA,3.09375,2.75,5.900000000000002,8.0
2026-01,REG,S01420,82,82.0,0.0,0.0,0.0,0,57,17,8,17,4,2,0,0,252,21,231,nodo,COLICO,2.811309523809524,2.0,6.449999999999999,9.424999999999994
2026-01,REG,S01430,60,60.0,0.0,0.0,0.0,0,34,11,15,11,4,2,1,0,185,26,159,nodo,SONDRIO,2.675084175084175,1.0,6.900000000000002,8.799999999999997
2026-01,REG,S01440,62,62.0,0.0,0.0,0.0,0,28,14,20,14,6,4,1,0,236,39,197,nodo,TIRANO,3.2962382445141065,1.5,8.8,14.299999999999985
2026-01,REG,S01458,39,39.0,0.0,0.0,0.0,0,19,12,8,12,7,7,2,2,312,8,304,nodo,MOLTENO,7.948412698412699,3.0,27.25000000000001,43.5
2026-01,REG,S01488,4,4.0,0.0,0.0,0.0,0,1,0,3,0,0,0,0,0,1,6,-5,nodo,BESANA,-1.25,-1.25,-0.6499999999999999,-0.5750000000000001
2026-01,REG,S01520,356,356.0,0.0,0.0,0.0,0,196,80,80,80,31,16,7,0,1295,137,1158,nodo,LECCO,3.2790675637259548,1.5,8.800000000000011,16.70000000000003
2026-01,REG,S01524,4,4.0,0.0,0.0,0.0,0,1,2,1,2,2,2,0,0,52,2,50,nodo,CALOLZIOCORTE OLGINATE,12.5,12.5,14.1,14.3
2026-01,REG,S01528,148,148.0,0.0,0.0,0.0,0,76,49,23,49,20,14,4,1,774,38,736,nodo,PONTE S.PIETRO,4.972972972972973,3.0,12.550000000000004,16.52499999999999
2026-01,REG,S01529,250,250.0,0.0,0.0,0.0,0,93,68,89,68,34,27,15,7,1707,231,1476,nodo,BERGAMO,5.904,1.0,15.600000000000009,38.99999999999998
2026-01,REG,S01600,4,4.0,0.0,0.0,0.0,0,1,3,0,3,2,2,0,0,60,0,60,nodo,VERDELLO DALMINE,15.0,15.0,23.0,24.0
2026-01,REG,S01601,2,2.0,0.0,0.0,0.0,0,0,2,0,2,1,1,1,1,75,0,75,nodo,TREVIGLIO OVEST,37.5,37.5,37.5,37.5
2026-01,REG,S01605,1,1.0,0.0,0.0,0.0,0,0,0,1,0,0,0,0,0,0,4,-4,nodo,CREMA,-4.0,-4.0,-4.0,-4.0
2026-01,REG,S01630,9,9.0,0.0,0.0,0.0,0,2,6,1,6,5,4,2,0,146,3,143,nodo,MILANO S.CRISTOFORO,13.5,15.75,23.0,24.0
2026-01,REG,S01633,1,1.0,0.0,0.0,0.0,0,0,1,0,1,1,0,0,0,12,0,12,nodo,MILANO PORTA VITTORIA,12.0,12.0,12.0,12.0
2026-01,REG,S01640,21,21.0,0.0,0.0,0.0,0,7,12,2,12,7,2,1,0,178,3,175,nodo,MILANO CERTOSA,7.548076923076923,5.75,16.400000000000006,21.349999999999987
2026-01,REG,S01642,206,206.0,0.0,0.0,0.0,0,89,90,27,90,53,33,10,1,1423,59,1364,nodo,MILANO BOVISA POLITECNICO,6.580309901738473,2.5,19.45,28.299999999999983
2026-01,REG,S01645,739,739.0,0.0,0.0,0.0,0,311,257,171,257,124,79,25,8,4346,385,3961,nodo,MILANO PORTA GARIBALDI,5.34448449680558,2.5,15.5,23.69999999999999
2026-01,REG,S01700,712,712.0,0.0,0.0,0.0,0,287,225,200,225,89,49,18,5,3505,462,3043,nodo,MILANO CENTRALE,4.264675246790345,2.0,10.900000000000006,18.74999999999997
2026-01,REG,S01701,17,17.0,0.0,0.0,0.0,0,5,7,5,7,5,4,1,0,140,7,133,nodo,MILANO LAMBRATE,10.558333333333334,7.25,25.6,29.2
2026-01,REG,S01703,82,82.0,0.0,0.0,0.0,0,28,46,8,46,25,19,8,3,971,11,960,nodo,PIOLTELLO LIMITO,11.682142857142855,5.5,27.40000000000001,48.49999999999996
2026-01,REG,S01707,4,4.0,0.0,0.0,0.0,0,1,3,0,3,3,3,3,1,155,0,155,nodo,CASSANO D\'ADDA,45.833333333333336,48.5,55.7,56.6
2026-01,REG,S01708,303,303.0,0.0,0.0,0.0,0,95,114,94,114,59,37,15,6,2122,251,1871,nodo,TREVIGLIO,6.164901960784314,1.75,16.099999999999994,28.42500000000001
2026-01,REG,S01717,394,394.0,0.0,0.0,0.0,0,183,99,112,99,34,17,3,1,1444,235,1209,nodo,BRESCIA,3.0980262987935623,2.0,9.5,13.699999999999989
2026-01,REG,S01747,70,70.0,0.0,0.0,0.0,0,28,41,1,41,18,13,5,1,709,1,708,nodo,LAVENO MOMBELLO LAGO,10.100490196078432,5.5,24.05,32.724999999999994
2026-01,REG,S01765,127,127.0,0.0,0.0,0.0,0,63,60,4,60,31,11,2,0,831,9,822,nodo,COMO LAGO,6.469990079365079,4.5,14.900000000000002,20.925
2026-01,REG,S01805,4,4.0,0.0,0.0,0.0,0,3,1,0,1,0,0,0,0,14,0,14,nodo,BRESSANA BOTTARONE,3.5,3.5,4.7,4.85
2026-01,REG,S01807,66,66.0,0.0,0.0,0.0,0,24,16,26,16,7,4,1,1,378,75,303,nodo,VOGHERA,4.81705069124424,1.0,8.0,14.799999999999995
2026-01,REG,S01810,4,4.0,0.0,0.0,0.0,0,1,2,1,2,0,0,0,0,13,3,10,nodo,TORTONA,2.5,2.5,3.3,3.4
2026-01,REG,S01820,341,341.0,0.0,0.0,0.0,0,183,109,49,109,39,25,7,0,1522,69,1453,nodo,MILANO ROGOREDO,4.260113519091847,2.0,9.549999999999995,17.25
2026-01,REG,S01822,108,108.0,0.0,0.0,0.0,0,58,32,18,32,19,12,6,1,575,30,545,nodo,MELEGNANO,5.046296296296296,0.0,15.45000000000001,28.299999999999955
2026-01,REG,S01824,2,2.0,0.0,0.0,0.0,0,0,2,0,2,2,2,1,0,83,0,83,nodo,TAVAZZANO,41.5,41.5,51.5,52.75
2026-01,REG,S01825,108,108.0,0.0,0.0,0.0,0,52,39,17,39,28,17,3,0,665,26,639,nodo,LODI,5.971840659340659,2.5,17.049999999999997,24.6
2026-01,REG,S01828,58,58.0,0.0,0.0,0.0,0,25,13,20,13,3,3,1,0,194,56,138,nodo,CODOGNO,2.4380952380952383,1.25,6.350000000000001,11.62499999999999
2026-01,REG,S01852,2,2.0,0.0,0.0,0.0,0,0,1,1,1,1,1,1,0,54,1,53,nodo,COLORNO,26.5,26.5,26.5,26.5
2026-01,REG,S01853,2,2.0,0.0,0.0,0.0,0,1,0,1,0,0,0,0,0,2,1,1,nodo,TORRILE S.POLO,0.5,0.5,0.5,0.5
2026-01,REG,S01860,295,295.0,0.0,0.0,0.0,0,143,107,45,107,48,32,5,0,1544,102,1442,nodo,PAVIA,4.887892995035852,3.0,16.0,20.175
2026-01,REG,S01864,2,2.0,0.0,0.0,0.0,0,2,0,0,0,0,0,0,0,2,0,2,nodo,BELGIOIOSO,1.0,1.0,1.0,1.0
2026-01,REG,S01865,2,2.0,0.0,0.0,0.0,0,1,1,0,1,1,1,0,0,17,0,17,nodo,CORTEOLONA,8.5,8.5,14.5,15.25
2026-01,REG,S01915,221,221.0,0.0,0.0,0.0,0,114,51,56,51,20,15,4,0,892,147,745,nodo,CREMONA,3.380201507208388,2.0,9.100000000000009,20.09999999999998
2026-01,REG,S01919,11,11.0,0.0,0.0,0.0,0,6,3,2,3,1,1,0,0,47,5,42,nodo,PIADENA,3.642857142857143,3.0,8.050000000000002,10.524999999999997
2026-01,REG,S01920,55,55.0,0.0,0.0,0.0,0,25,16,14,16,8,5,2,0,274,26,248,nodo,BOZZOLO,4.507275132275132,2.5,13.100000000000003,21.624999999999996
2026-01,REG,S01925,99,99.0,0.0,0.0,0.0,0,59,39,1,39,13,10,4,0,546,2,544,nodo,SEVESO,5.472426470588236,3.25,14.0,24.349999999999994
2026-01,REG,S01933,352,352.0,0.0,0.0,0.0,0,200,123,29,123,59,29,11,3,1975,39,1936,nodo,SARONNO,5.500129198966408,3.0,12.950000000000005,20.749999999999982
2026-01,REG,S01945,30,30.0,0.0,0.0,0.0,0,12,16,2,16,9,4,1,0,222,2,220,nodo,STRADELLA,7.333333333333333,6.0,16.599999999999998,22.099999999999994
2026-01,REG,S01963,3,3.0,0.0,0.0,0.0,0,2,0,1,0,0,0,0,0,1,1,0,nodo,BUSSETO,0.25,0.25,0.45,0.475
2026-01,REG,S02001,86,86.0,0.0,0.0,0.0,0,34,16,36,16,5,3,2,0,258,121,137,nodo,BRENNERO,1.5930232558139534,0.0,7.300000000000004,9.849999999999998
2026-01,REG,S02006,2,2.0,0.0,0.0,0.0,0,0,2,0,2,1,1,0,0,35,0,35,nodo,VIPITENO-VAL DI VIZZE,17.5,17.5,17.5,17.5
2026-01,REG,S02011,20,20.0,0.0,0.0,0.0,0,10,6,4,6,4,3,0,0,113,6,107,nodo,FORTEZZA,5.5,2.5,15.65,19.3
2026-01,REG,S02026,167,167.0,0.0,0.0,0.0,0,67,25,75,25,11,4,0,0,394,301,93,nodo,BOLZANO,0.5545037292025243,0.0,7.399999999999999,9.874999999999991
2026-01,REG,S02030,1,1.0,0.0,0.0,0.0,0,0,1,0,1,0,0,0,0,7,0,7,nodo,BRONZOLO,7.0,7.0,7.0,7.0
2026-01,REG,S02038,85,85.0,0.0,0.0,0.0,0,43,14,28,14,3,1,1,0,210,67,143,nodo,TRENTO,1.704822616407982,1.0,5.0,8.5
2026-01,REG,S02044,20,20.0,0.0,0.0,0.0,0,10,1,9,1,0,0,0,0,30,22,8,nodo,ROVERETO,0.4,0.5,3.1999999999999997,4.099999999999998
2026-01,REG,S02049,36,36.0,0.0,0.0,0.0,0,12,3,21,3,2,0,0,0,52,65,-13,nodo,ALA,-0.361111111111111,-1.0,4.900000000000002,7.299999999999997
2026-01,REG,S02107,2,2.0,0.0,0.0,0.0,0,1,1,0,1,1,1,0,0,21,0,21,nodo,BRUNICO,10.5,10.5,10.5,10.5
2026-01,REG,S02111,1,1.0,0.0,0.0,0.0,0,0,1,0,1,1,0,0,0,12,0,12,nodo,MONGUELFO-VALLE DI CASIES,12.0,12.0,12.0,12.0
2026-01,REG,S02114,11,11.0,0.0,0.0,0.0,0,5,4,2,4,4,3,0,0,80,3,77,nodo,S.CANDIDO,6.791666666666666,2.5,16.25,18.625
2026-01,REG,S02140,68,68.0,0.0,0.0,0.0,0,14,1,53,1,0,0,0,0,29,135,-106,nodo,SCHIO,-1.6076388888888888,-1.75,1.200000000000001,2.225
2026-01,REG,S02216,84,84.0,0.0,0.0,0.0,0,47,19,18,19,7,3,2,0,314,45,269,nodo,MERANO,3.218094157685763,1.5,8.400000000000002,9.9
2026-01,REG,S02225,1,1.0,0.0,0.0,0.0,0,1,0,0,0,0,0,0,0,0,0,0,nodo,PONTE D\'ADIGE,0.0,0.0,0.0,0.0
2026-01,REG,S02308,1,1.0,0.0,0.0,0.0,0,1,0,0,0,0,0,0,0,4,0,4,nodo,CALDONAZZO,4.0,4.0,4.0,4.0
2026-01,REG,S02314,8,8.0,0.0,0.0,0.0,0,3,3,2,3,1,0,0,0,33,2,31,nodo,BORGO VALSUGANA EST,3.875,4.25,7.1000000000000005,7.549999999999999
2026-01,REG,S02336,148,148.0,0.0,0.0,0.0,0,71,22,55,22,2,1,0,0,270,128,142,nodo,MANTOVA,0.9594594594594594,0.25,4.850000000000001,5.674999999999997
2026-01,REG,S02340,25,25.0,0.0,0.0,0.0,0,14,3,8,3,1,1,0,0,52,21,31,nodo,SUZZARA,1.2179487179487178,0.75,4.3500000000000005,7.349999999999991
2026-01,REG,S02349,56,56.0,0.0,0.0,0.0,0,4,2,50,2,1,1,0,0,36,124,-88,nodo,CARPI,-1.5714285714285714,-2.5,-0.6999999999999993,0.974999999999998
2026-01,REG,S02366,26,26.0,0.0,0.0,0.0,0,13,3,10,3,0,0,0,0,47,21,26,nodo,LEGNAGO,0.9642857142857144,0.75,4.300000000000001,5.924999999999998
2026-01,REG,S02430,399,399.0,0.0,0.0,0.0,0,169,76,154,76,25,9,4,0,1126,637,489,nodo,VERONA PORTA NUOVA,1.2238065326633167,1.0,7.049999999999997,9.524999999999991
2026-01,REG,S02440,1,1.0,0.0,0.0,0.0,0,0,1,0,1,1,1,1,0,49,0,49,nodo,S.BONIFACIO,49.0,49.0,49.0,49.0
2026-01,REG,S02446,168,168.0,0.0,0.0,0.0,0,46,12,110,12,1,0,0,0,149,281,-132,nodo,VICENZA,-0.785309132161089,-1.0,3.25,4.5
2026-01,REG,S02520,216,216.0,0.0,0.0,0.0,0,132,26,58,26,1,1,1,0,421,104,317,nodo,BASSANO DEL GRAPPA,1.4675925925925926,1.0,4.5,5.5
2026-01,REG,S02535,4,4.0,0.0,0.0,0.0,0,0,2,2,2,2,2,2,0,83,3,80,nodo,CITTADELLA,20.0,20.0,20.8,20.9
2026-01,REG,S02537,6,6.0,0.0,0.0,0.0,0,3,0,3,0,0,0,0,0,2,6,-4,nodo,CASTELFRANCO VENETO,-1.125,-1.25,-0.3499999999999998,-0.1750000000000002
2026-01,REG,S02550,36,36.0,0.0,0.0,0.0,0,15,4,17,4,4,4,4,1,179,29,150,nodo,CALALZO PIEVE CADORE CORTINA,4.166666666666667,-0.75,10.20000000000002,34.17499999999997
2026-01,REG,S02553,1,1.0,0.0,0.0,0.0,0,0,1,0,1,1,1,1,0,31,0,31,nodo,PERAROLO DI CADORE,31.0,31.0,31.0,31.0
2026-01,REG,S02559,149,149.0,0.0,0.0,0.0,0,72,16,61,16,7,6,3,1,406,124,282,nodo,BELLUNO,1.8906306306306304,0.5,5.300000000000004,13.15
2026-01,REG,S02564,2,2.0,0.0,0.0,0.0,0,1,1,0,1,1,1,0,0,29,0,29,nodo,FELTRE,14.5,14.5,14.5,14.5
2026-01,REG,S02570,50,50.0,0.0,0.0,0.0,0,27,2,21,2,0,0,0,0,59,30,29,nodo,MONTEBELLUNA,0.6009615384615384,0.0,2.85,3.849999999999998
2026-01,REG,S02581,195,195.0,0.0,0.0,0.0,0,77,15,103,15,6,5,2,0,313,227,86,nodo,PADOVA,0.4539473684210526,-1.0,3.3000000000000043,5.524999999999999
2026-01,REG,S02589,52,52.0,0.0,0.0,0.0,0,22,8,22,8,4,3,2,0,150,59,91,nodo,VENEZIA MESTRE,2.0863636363636364,0.0,12.25000000000002,17.124999999999996
2026-01,REG,S02593,796,796.0,0.0,0.0,0.0,0,411,123,262,123,31,19,6,0,1961,834,1127,nodo,VENEZIA S.LUCIA,1.415740232192572,1.0,6.0,8.5
2026-01,REG,S02703,56,56.0,0.0,0.0,0.0,0,18,6,32,6,4,2,0,0,104,68,36,nodo,SACILE,0.5564102564102564,-0.5,5.200000000000003,8.849999999999994
2026-01,REG,S02706,34,34.0,0.0,0.0,0.0,0,23,2,9,2,0,0,0,0,70,24,46,nodo,CONEGLIANO,1.1821428571428572,2.25,3.5500000000000007,4.2
2026-01,REG,S02712,235,235.0,0.0,0.0,0.0,0,112,17,106,17,4,2,0,0,333,215,118,nodo,TREVISO CENTRALE,0.5043097204114153,0.5,3.5,5.0
2026-01,REG,S02830,52,52.0,0.0,0.0,0.0,0,33,11,8,11,0,0,0,0,144,14,130,nodo,CASARSA,2.5,2.5,5.75,7.125
2026-01,REG,S03015,12,12.0,0.0,0.0,0.0,0,4,2,6,2,2,1,0,0,39,22,17,nodo,TARVISIO BOSCOVERDE,1.4166666666666667,-0.75,9.0,9.5
2026-01,REG,S03016,28,28.0,0.0,0.0,0.0,0,7,7,14,7,3,1,0,0,70,39,31,nodo,CARNIA,1.1071428571428572,0.0,7.250000000000003,9.924999999999995
2026-01,REG,S03019,4,4.0,0.0,0.0,0.0,0,1,3,0,3,0,0,0,0,21,0,21,nodo,GEMONA DEL FRIULI,5.25,5.25,7.05,7.275
2026-01,REG,S03026,140,140.0,0.0,0.0,0.0,0,48,28,64,28,13,8,2,0,443,161,282,nodo,UDINE,2.008578431372549,-0.25,7.650000000000002,14.325
2026-01,REG,S03084,28,28.0,0.0,0.0,0.0,0,7,1,20,1,0,0,0,0,18,42,-24,nodo,MANIAGO,-0.8571428571428572,-1.5,1.5500000000000016,3.3999999999999986
2026-01,REG,S03200,200,200.0,0.0,0.0,0.0,0,110,25,65,25,2,1,1,0,408,137,271,nodo,PORTOGRUARO CAORLE,1.3536853685368535,1.0,5.100000000000001,6.5
2026-01,REG,S03207,6,6.0,0.0,0.0,0.0,0,2,0,4,0,0,0,0,0,0,8,-8,nodo,CERVIGNANO-AQUILEIA-GRADO,-1.375,-1.25,-0.2999999999999999,-0.1500000000000002
2026-01,REG,S03310,3,3.0,0.0,0.0,0.0,0,1,1,1,1,0,0,0,0,8,3,5,nodo,MONFALCONE,1.75,1.75,3.5500000000000003,3.775
2026-01,REG,S03317,209,209.0,0.0,0.0,0.0,0,68,34,107,34,20,16,6,0,685,296,389,nodo,TRIESTE CENTRALE,1.8621953454278908,-0.75,8.150000000000006,19.299999999999955
2026-01,REG,S03466,7,7.0,0.0,0.0,0.0,0,5,0,2,0,0,0,0,0,7,2,5,nodo,VILLA OPICINA,0.7083333333333333,-0.5,2.5500000000000003,3.0249999999999995
2026-01,REG,S04203,44,44.0,0.0,0.0,0.0,0,18,16,10,16,6,3,1,0,230,27,203,nodo,NOVI LIGURE,4.579166666666667,3.0,13.649999999999997,19.099999999999994
2026-01,REG,S04207,71,71.0,0.0,0.0,0.0,0,23,9,39,9,3,2,0,0,122,161,-39,nodo,ARQUATA SCRIVIA,-0.5178571428571429,-1.75,4.25,7.974999999999987
2026-01,REG,S04215,47,47.0,0.0,0.0,0.0,0,16,8,23,8,2,0,0,0,101,70,31,nodo,BUSALLA,0.693840579710145,0.25,5.75,7.349999999999998
2026-01,REG,S04220,6,6.0,0.0,0.0,0.0,0,3,2,1,2,1,1,0,0,32,3,29,nodo,GENOVA SAMPIERDARENA,6.5,6.25,12.150000000000002,13.075
2026-01,REG,S04501,98,98.0,0.0,0.0,0.0,0,29,22,47,22,8,4,1,0,312,105,207,nodo,VENTIMIGLIA,2.07,0.5,8.000000000000007,14.699999999999992
2026-01,REG,S04503,1,1.0,0.0,0.0,0.0,0,1,0,0,0,0,0,0,0,3,0,3,nodo,BORDIGHERA,3.0,3.0,3.0,3.0
2026-01,REG,S04515,1,1.0,0.0,0.0,0.0,0,0,1,0,1,1,1,0,0,16,0,16,nodo,ALASSIO,16.0,16.0,16.0,16.0
2026-01,REG,S04516,6,6.0,0.0,0.0,0.0,0,0,4,2,4,3,2,0,0,64,12,52,nodo,ALBENGA,5.0,4.75,9.1,9.55
2026-01,REG,S04523,4,4.0,0.0,0.0,0.0,0,1,1,2,1,0,0,0,0,9,3,6,nodo,IMPERIA,1.5,1.5,3.9,4.199999999999999
2026-01,REG,S04534,106,106.0,0.0,0.0,0.0,0,41,32,33,32,13,8,1,0,443,57,386,nodo,GENOVA VOLTRI,3.6004273504273505,1.5,10.6,14.799999999999985
2026-01,REG,S04537,4,4.0,0.0,0.0,0.0,0,1,2,1,2,2,2,1,0,72,1,71,nodo,GENOVA SESTRI PONENTE AEROPORTO,17.75,17.75,21.15,21.575
2026-01,REG,S04700,75,75.0,0.0,0.0,0.0,0,22,11,42,11,6,2,0,0,162,175,-13,nodo,GENOVA PIAZZA PRINCIPE,-0.1232142857142857,-0.75,5.900000000000002,12.324999999999996
2026-01,REG,S04702,308,308.0,0.0,0.0,0.0,0,101,72,135,72,30,12,3,0,1014,467,547,nodo,GENOVA BRIGNOLE,1.767341345140207,0.5,9.5,14.649999999999991
2026-01,REG,S04704,2,2.0,0.0,0.0,0.0,0,1,1,0,1,0,0,0,0,8,0,8,nodo,GENOVA QUARTO DEI MILLE,4.0,4.0,4.0,4.0
2026-01,REG,S04707,84,84.0,0.0,0.0,0.0,0,29,27,28,27,13,9,1,0,396,53,343,nodo,GENOVA NERVI,4.116562677254679,1.5,14.60000000000002,20.149999999999995
2026-01,REG,S04714,12,12.0,0.0,0.0,0.0,0,2,2,8,2,0,0,0,0,18,16,2,nodo,RECCO,0.1666666666666666,-1.25,4.0,5.0
2026-01,REG,S04725,154,154.0,0.0,0.0,0.0,0,46,17,91,17,8,6,1,0,298,270,28,nodo,SESTRI LEVANTE,0.1831081081081081,-1.0,5.0,8.674999999999976
2026-01,REG,S04731,2,2.0,0.0,0.0,0.0,0,0,1,1,1,0,0,0,0,5,2,3,nodo,LEVANTO,1.5,1.5,4.3,4.65
2026-01,REG,S04801,226,226.0,0.0,0.0,0.0,0,64,37,125,37,9,4,1,0,444,321,123,nodo,SAVONA,0.5433897243107769,-1.0,6.5,8.5
2026-01,REG,S04805,24,24.0,0.0,0.0,0.0,0,4,0,20,0,0,0,0,0,5,37,-32,nodo,S.GIUSEPPE DI CAIRO,-1.3333333333333333,-1.5,0.3500000000000005,1.174999999999999
2026-01,REG,S05000,197,197.0,0.0,0.0,0.0,0,57,56,84,56,32,22,9,1,1063,272,791,nodo,PIACENZA,4.003968253968254,0.5,15.6,24.274999999999984
2026-01,REG,S05009,102,102.0,0.0,0.0,0.0,0,56,9,37,9,8,6,1,0,198,63,135,nodo,FIDENZA,1.3235294117647058,-0.5,3.0,14.5
2026-01,REG,S05014,206,206.0,0.0,0.0,0.0,0,101,41,64,41,12,6,2,1,635,133,502,nodo,PARMA,2.438536953242836,1.0,6.800000000000004,11.0
2026-01,REG,S05019,63,63.0,0.0,0.0,0.0,0,32,7,24,7,0,0,0,0,119,72,47,nodo,BOLOGNA ROVERI,0.7066532258064516,0.0,3.0,5.0
2026-01,REG,S05023,96,96.0,0.0,0.0,0.0,0,56,16,24,16,8,5,1,0,269,44,225,nodo,REGGIO EMILIA,2.34375,1.0,5.300000000000004,13.299999999999995
2026-01,REG,S05032,275,275.0,0.0,0.0,0.0,0,95,54,126,54,7,3,1,0,580,321,259,nodo,MODENA,0.939119856130329,0.0,5.5,6.575000000000003
2026-01,REG,S05037,2,2.0,0.0,0.0,0.0,0,1,1,0,1,1,0,0,0,15,0,15,nodo,CASTELFRANCO EMILIA,7.5,7.5,7.5,7.5
2026-01,REG,S05041,1,1.0,0.0,0.0,0.0,0,1,0,0,0,0,0,0,0,4,0,4,nodo,LAVINO,4.0,4.0,4.0,4.0
2026-01,REG,S05043,721,721.0,0.0,0.0,0.0,0,242,107,372,107,44,25,8,2,1811,1205,606,nodo,BOLOGNA CENTRALE,0.8406009541397352,-0.5,6.5,10.0
2026-01,REG,S05053,4,4.0,0.0,0.0,0.0,0,2,0,2,0,0,0,0,0,2,5,-3,nodo,CASTEL S.PIETRO TERME,-0.75,-0.75,-0.55,-0.5249999999999999
2026-01,REG,S05054,94,94.0,0.0,0.0,0.0,0,44,9,41,9,4,1,0,0,171,112,59,nodo,IMOLA,0.7072727272727273,0.0,4.5,8.250000000000004
2026-01,REG,S05056,8,8.0,0.0,0.0,0.0,0,7,0,1,0,0,0,0,0,11,1,10,nodo,CASTELBOLOGNESE-RIOLO TERME,1.25,1.0,2.5500000000000003,2.7749999999999995
2026-01,REG,S05058,54,54.0,0.0,0.0,0.0,0,21,2,31,2,0,0,0,0,48,74,-26,nodo,FAENZA,-0.4739010989010989,-0.75,2.9000000000000004,3.8249999999999993
2026-01,REG,S05071,163,163.0,0.0,0.0,0.0,0,50,28,85,28,13,8,2,1,456,282,174,nodo,RIMINI,1.0576807228915663,-0.5,6.950000000000003,13.049999999999995
2026-01,REG,S05090,87,87.0,0.0,0.0,0.0,0,56,0,31,0,0,0,0,0,25,40,-15,nodo,SALSOMAGGIORE TERME,-0.1699260042283298,-0.5,1.3500000000000014,1.9250000000000007
2026-01,REG,S05105,32,32.0,0.0,0.0,0.0,0,20,3,9,3,1,1,1,0,82,14,68,nodo,MARZABOTTO,2.1411764705882352,1.5,3.7,7.599999999999989
2026-01,REG,S05106,2,2.0,0.0,0.0,0.0,0,0,2,0,2,1,0,0,0,17,0,17,nodo,PIOPPE DI SALVARO,8.5,8.5,8.5,8.5
2026-01,REG,S05108,6,6.0,0.0,0.0,0.0,0,2,4,0,4,3,2,0,0,66,0,66,nodo,RIOLA,11.0,11.0,18.2,19.1
2026-01,REG,S05110,103,103.0,0.0,0.0,0.0,0,44,19,40,19,6,3,0,0,250,79,171,nodo,PORRETTA TERME,1.6498868778280544,1.0,6.0,8.974999999999998
2026-01,REG,S05130,6,6.0,0.0,0.0,0.0,0,2,4,0,4,4,2,0,0,84,0,84,nodo,BOLOGNA S.RUFFILLO,14.0,8.0,23.6,25.55
2026-01,REG,S05131,110,110.0,0.0,0.0,0.0,0,54,16,40,16,5,2,0,0,223,72,151,nodo,PIANORO,1.390542328042328,1.0,4.600000000000001,7.299999999999997
2026-01,REG,S05134,38,38.0,0.0,0.0,0.0,0,11,1,26,1,1,0,0,0,22,86,-64,nodo,S.BENEDETTO SAMBRO-CASTIGLIONE PEPOLI,-1.5694444444444444,-2.25,0.6500000000000004,1.5249999999999968
2026-01,REG,S05135,7,7.0,0.0,0.0,0.0,0,2,1,4,1,0,0,0,0,14,12,2,nodo,VERNIO MONTEPIANO CANTAGALLO,0.0,0.25,4.15,4.574999999999999
2026-01,REG,S05136,1,1.0,0.0,0.0,0.0,0,1,0,0,0,0,0,0,0,2,0,2,nodo,VAIANO,2.0,2.0,2.0,2.0
2026-01,REG,S05161,20,20.0,0.0,0.0,0.0,0,12,4,4,4,2,1,0,0,64,5,59,nodo,SERMIDE,2.95,2.0,6.299999999999997,9.899999999999991
2026-01,REG,S05180,88,88.0,0.0,0.0,0.0,0,50,35,3,35,0,0,0,0,326,4,322,nodo,SASSUOLO TERMINAL,3.659090909090909,4.0,5.5,6.425000000000001
2026-01,REG,S05192,28,28.0,0.0,0.0,0.0,0,24,2,2,2,0,0,0,0,39,2,37,nodo,REGGIO S.LAZZARO,1.3214285714285714,1.0,3.3500000000000005,4.025
2026-01,REG,S05194,34,34.0,0.0,0.0,0.0,0,20,2,12,2,1,1,0,0,37,16,21,nodo,SASSUOLO RADICI,0.6176470588235294,0.0,1.6000000000000003,4.499999999999993
2026-01,REG,S05308,88,88.0,0.0,0.0,0.0,0,23,8,57,8,1,0,0,0,103,212,-109,nodo,POGGIO RUSCO,-1.2386363636363638,-2.5,3.700000000000003,4.5
2026-01,REG,S05420,32,32.0,0.0,0.0,0.0,0,15,14,3,14,6,4,1,0,216,3,213,nodo,ADRIA,6.392857142857142,3.5,15.95,20.79999999999999
2026-01,REG,S05703,38,38.0,0.0,0.0,0.0,0,26,3,9,3,1,1,0,0,75,11,64,nodo,MONSELICE,1.7138888888888888,1.75,3.700000000000001,5.274999999999993
2026-01,REG,S05706,99,99.0,0.0,0.0,0.0,0,37,14,48,14,3,2,0,0,192,172,20,nodo,ROVIGO,0.216530612244898,-0.5,5.050000000000001,7.274999999999999
2026-01,REG,S05712,193,193.0,0.0,0.0,0.0,0,95,37,61,37,14,7,2,1,625,194,431,nodo,FERRARA,2.226047261009667,1.0,7.800000000000004,11.29999999999999
2026-01,REG,S05722,16,16.0,0.0,0.0,0.0,0,7,1,8,1,1,0,0,0,16,24,-8,nodo,S.PIETRO IN CASALE,-0.5,-0.75,2.299999999999999,4.399999999999997
2026-01,REG,S05799,34,34.0,0.0,0.0,0.0,0,26,8,0,8,2,0,0,0,115,0,115,nodo,CODIGORO,3.3823529411764706,2.5,6.6000000000000005,8.399999999999997
2026-01,REG,S05802,63,63.0,0.0,0.0,0.0,0,32,7,24,7,0,0,0,0,119,72,47,nodo,PORTOMAGGIORE,0.7066532258064516,0.0,3.0,5.0
2026-01,REG,S05808,2,2.0,0.0,0.0,0.0,0,0,1,1,1,1,1,1,0,42,3,39,nodo,ALFONSINE,19.5,19.5,19.5,19.5
2026-01,REG,S05811,127,127.0,0.0,0.0,0.0,0,58,19,50,19,11,9,2,2,581,147,434,nodo,RAVENNA,3.4773631840796018,1.0,7.199999999999999,16.025
2026-01,REG,S05818,1,1.0,0.0,0.0,0.0,0,0,1,0,1,1,1,0,0,16,0,16,nodo,IGEA MARINA,16.0,16.0,16.0,16.0
2026-01,REG,S05921,43,43.0,0.0,0.0,0.0,0,27,13,3,13,6,3,0,0,184,6,178,nodo,CIANO D\'ENZA,4.104978354978355,3.0,9.5,13.425
2026-01,REG,S05951,2,2.0,0.0,0.0,0.0,0,1,0,1,0,0,0,0,0,2,2,0,nodo,LUGO,0.0,0.0,1.6,1.7999999999999998
2026-01,REG,S05960,47,47.0,0.0,0.0,0.0,0,33,2,12,2,0,0,0,0,54,26,28,nodo,GUASTALLA,0.6105072463768116,1.0,3.0,3.4499999999999997
2026-01,REG,S05975,4,4.0,0.0,0.0,0.0,0,4,0,0,0,0,0,0,0,0,0,0,nodo,BAZZANO (FER),0.0,0.0,0.0,0.0
2026-01,REG,S05984,2,2.0,0.0,0.0,0.0,0,0,1,1,1,1,1,1,0,33,2,31,nodo,SCANDIANO,15.5,15.5,29.5,31.25
2026-01,REG,S06000,242,242.0,0.0,0.0,0.0,0,98,41,103,41,13,6,2,0,626,278,348,nodo,LA SPEZIA CENTRALE,1.43801652892562,0.0,6.0,9.5
2026-01,REG,S06007,10,10.0,0.0,0.0,0.0,0,3,2,5,2,0,0,0,0,20,11,9,nodo,SARZANA,0.9,-0.5,5.700000000000001,7.099999999999999
2026-01,REG,S06009,8,8.0,0.0,0.0,0.0,0,4,1,3,1,0,0,0,0,16,6,10,nodo,MASSA CENTRO,1.25,0.25,4.850000000000001,5.674999999999998
2026-01,REG,S06013,44,44.0,0.0,0.0,0.0,0,20,3,21,3,0,0,0,0,49,44,5,nodo,AULLA LUNIGIANA,0.1136363636363636,0.0,3.400000000000002,4.449999999999999
2026-01,REG,S06026,2,2.0,0.0,0.0,0.0,0,2,0,0,0,0,0,0,0,2,0,2,nodo,CECINA,1.0,1.0,1.0,1.0
2026-01,REG,S06031,30,30.0,0.0,0.0,0.0,0,20,3,7,3,0,0,0,0,44,19,25,nodo,CAMPIGLIA MARITTIMA,0.8214285714285714,1.0,3.5,4.775
2026-01,REG,S06039,80,80.0,0.0,0.0,0.0,0,24,5,51,5,1,1,1,0,115,162,-47,nodo,GROSSETO,-0.5875,-1.5,2.650000000000002,6.0
2026-01,REG,S06040,96,96.0,0.0,0.0,0.0,0,34,12,50,12,4,2,0,0,161,144,17,nodo,VIAREGGIO,0.1770833333333333,-1.0,4.800000000000004,8.474999999999998
2026-01,REG,S06161,22,22.0,0.0,0.0,0.0,0,7,7,8,7,3,2,1,0,107,20,87,nodo,BORGO VAL DI TARO,3.741666666666666,1.0,11.150000000000002,19.57499999999999
2026-01,REG,S06163,26,26.0,0.0,0.0,0.0,0,16,2,8,2,0,0,0,0,33,19,14,nodo,PONTREMOLI,0.5357142857142857,0.5,3.700000000000001,4.175
2026-01,REG,S06227,6,6.0,0.0,0.0,0.0,0,2,0,4,0,0,0,0,0,2,6,-4,nodo,MINUCCIANO-PIEVE-CASOLA,-1.0,-1.0,-0.5,-0.5
2026-01,REG,S06325,32,32.0,0.0,0.0,0.0,0,18,4,10,4,0,0,0,0,46,18,28,nodo,PIAZZA AL SERCHIO,0.8968253968253967,1.0,4.200000000000002,5.175
2026-01,REG,S06404,160,160.0,0.0,0.0,0.0,0,80,13,67,13,1,1,0,0,217,147,70,nodo,LUCCA,0.4312070043777361,0.25,4.0,4.5
2026-01,REG,S06409,24,24.0,0.0,0.0,0.0,0,12,2,10,2,1,0,0,0,39,22,17,nodo,PESCIA,0.7083333333333334,0.0,4.300000000000001,6.0749999999999975
2026-01,REG,S06411,53,53.0,0.0,0.0,0.0,0,25,3,25,3,2,0,0,0,75,62,13,nodo,MONTECATINI TERME-MONSUMMANO,0.2578347578347578,0.0,4.0,6.625
2026-01,REG,S06414,82,82.0,0.0,0.0,0.0,0,42,9,31,9,4,3,1,0,185,71,114,nodo,PISTOIA,1.394642857142857,0.5,4.650000000000002,9.249999999999986
2026-01,REG,S06416,85,85.0,0.0,0.0,0.0,0,28,19,38,19,7,4,0,0,275,107,168,nodo,PRATO CENTRALE,1.973115299334812,0.0,8.550000000000004,13.925
2026-01,REG,S06419,24,24.0,0.0,0.0,0.0,0,16,4,4,4,0,0,0,0,58,7,51,nodo,FIRENZE CASTELLO,2.125,2.0,4.45,4.949999999999999
2026-01,REG,S06420,6,6.0,0.0,0.0,0.0,0,4,0,2,0,0,0,0,0,5,9,-4,nodo,FIRENZE RIFREDI,-0.375,0.75,1.35,1.4249999999999998
2026-01,REG,S06421,759,759.0,0.0,0.0,0.0,0,336,107,316,107,40,18,6,0,1696,756,940,nodo,FIRENZE SANTA MARIA NOVELLA,1.2395322676961962,0.5,6.0,9.5
2026-01,REG,S06500,329,329.0,0.0,0.0,0.0,0,150,49,130,49,14,7,3,0,753,301,452,nodo,PISA CENTRALE,1.3742424242424245,0.5,5.5,8.424999999999997
2026-01,REG,S06506,24,24.0,0.0,0.0,0.0,0,21,2,1,2,0,0,0,0,51,1,50,nodo,PONTEDERA CASCIANA TERME,2.083333333333333,2.0,3.9,4.674999999999999
2026-01,REG,S06510,99,99.0,0.0,0.0,0.0,0,44,8,47,8,3,3,1,0,208,123,85,nodo,EMPOLI,0.8506122448979592,-0.25,4.050000000000001,9.12499999999998
2026-01,REG,S06603,4,4.0,0.0,0.0,0.0,0,4,0,0,0,0,0,0,0,6,0,6,nodo,S.PIERO A SIEVE,1.5,1.5,1.5,1.5
2026-01,REG,S06604,127,127.0,0.0,0.0,0.0,0,52,7,68,7,4,1,0,0,157,152,5,nodo,BORGO S.LORENZO,0.0436724565756823,-1.0,3.0,3.949999999999996
2026-01,REG,S06610,2,2.0,0.0,0.0,0.0,0,1,0,1,0,0,0,0,0,0,1,-1,nodo,MARRADI-PALAZZUOLO SUL SENIO,-0.5,-0.5,-0.0999999999999999,-0.05
2026-01,REG,S06725,114,114.0,0.0,0.0,0.0,0,57,14,43,14,3,1,1,0,208,103,105,nodo,LIVORNO CENTRALE,0.9242610837438424,1.0,4.550000000000004,6.074999999999999
2026-01,REG,S06775,28,28.0,0.0,0.0,0.0,0,16,4,8,4,1,0,0,0,53,20,33,nodo,PIOMBINO MARITTIMA,1.1785714285714286,0.75,5.950000000000004,8.049999999999999
2026-01,REG,S06803,2,2.0,0.0,0.0,0.0,0,2,0,0,0,0,0,0,0,2,0,2,nodo,CERTALDO,1.0,1.0,1.0,1.0
2026-01,REG,S06805,3,3.0,0.0,0.0,0.0,0,1,1,1,1,1,0,0,0,15,1,14,nodo,POGGIBONSI-S.GIMIGNANO,3.25,3.25,5.45,5.725
2026-01,REG,S06809,193,193.0,0.0,0.0,0.0,0,71,9,113,9,5,3,2,1,311,266,45,nodo,SIENA,0.230719656283566,-1.0,3.0,4.5
2026-01,REG,S06874,30,30.0,0.0,0.0,0.0,0,9,1,20,1,0,0,0,0,16,46,-30,nodo,BUONCONVENTO,-1.0,-1.0,2.400000000000002,3.175
2026-01,REG,S06900,40,40.0,0.0,0.0,0.0,0,22,6,12,6,1,0,0,0,96,27,69,nodo,FIRENZE CAMPO MARTE,1.643939393939394,0.75,5.600000000000001,7.949999999999994
2026-01,REG,S06904,16,16.0,0.0,0.0,0.0,0,3,2,11,2,0,0,0,0,21,35,-14,nodo,PONTASSIEVE,-0.875,-1.25,3.9,4.949999999999998
2026-01,REG,S06910,40,40.0,0.0,0.0,0.0,0,16,4,20,4,3,1,0,0,74,51,23,nodo,MONTEVARCHI TERRANUOVA,0.575,-0.5,4.350000000000005,7.900000000000006
2026-01,REG,S06915,87,87.0,0.0,0.0,0.0,0,45,12,30,12,6,3,1,0,205,76,129,nodo,AREZZO,1.4825396825396826,1.0,5.899999999999999,9.449999999999996
2026-01,REG,S06922,36,36.0,0.0,0.0,0.0,0,21,3,12,3,0,0,0,0,51,20,31,nodo,TERONTOLA CORTONA,0.8611111111111112,0.5,4.15,4.574999999999999
2026-01,REG,S06925,106,106.0,0.0,0.0,0.0,0,50,14,42,14,6,3,2,1,320,125,195,nodo,CHIUSI-CHIANCIANO TERME,1.851139601139601,0.75,5.449999999999999,11.59999999999997
2026-01,REG,S07002,4,4.0,0.0,0.0,0.0,0,1,0,3,0,0,0,0,0,1,4,-3,nodo,MAGIONE,-0.75,-0.75,-0.15,-0.075
2026-01,REG,S07004,36,36.0,0.0,0.0,0.0,0,14,7,15,7,1,0,0,0,75,43,32,nodo,PERUGIA,0.8888888888888888,0.0,6.950000000000001,8.374999999999996
2026-01,REG,S07005,8,8.0,0.0,0.0,0.0,0,7,1,0,1,0,0,0,0,18,0,18,nodo,PERUGIA PONTE S.GIOVANNI,2.25,2.0,3.9,4.199999999999999
2026-01,REG,S07102,4,4.0,0.0,0.0,0.0,0,1,1,2,1,1,1,0,0,17,6,11,nodo,CATTOLICA S.GIOVANNI GABICCE,2.75,2.75,7.35,7.924999999999999
2026-01,REG,S07104,38,38.0,0.0,0.0,0.0,0,17,8,13,8,3,1,1,1,153,27,126,nodo,PESARO,3.258333333333333,1.0,7.650000000000002,11.125000000000018
2026-01,REG,S07111,2,2.0,0.0,0.0,0.0,0,0,0,2,0,0,0,0,0,0,2,-2,nodo,FALCONARA MARITTIMA,-1.0,-1.0,-1.0,-1.0
2026-01,REG,S07113,329,329.0,0.0,0.0,0.0,0,116,52,161,52,23,17,8,1,1016,415,601,nodo,ANCONA,1.828756744770493,-0.25,7.400000000000006,14.275000000000006
2026-01,REG,S07202,24,24.0,0.0,0.0,0.0,0,9,2,13,2,0,0,0,0,26,24,2,nodo,JESI,0.0833333333333333,-0.25,3.700000000000001,4.899999999999999
2026-01,REG,S07204,8,8.0,0.0,0.0,0.0,0,3,0,5,0,0,0,0,0,6,6,0,nodo,CASTELPLANIO CUPRAMONTANA,0.0,0.25,1.0,1.0
2026-01,REG,S07208,80,80.0,0.0,0.0,0.0,0,35,9,36,9,2,1,0,0,118,94,24,nodo,FABRIANO,0.3,0.0,4.550000000000001,5.524999999999999
2026-01,REG,S07217,91,91.0,0.0,0.0,0.0,0,49,16,26,16,5,2,1,0,245,75,170,nodo,FOLIGNO,1.8727053140096617,1.5,5.800000000000001,8.974999999999994
2026-01,REG,S07221,4,4.0,0.0,0.0,0.0,0,2,0,2,0,0,0,0,0,2,2,0,nodo,SPOLETO,0.0,0.0,0.8,0.8999999999999999
2026-01,REG,S07226,78,78.0,0.0,0.0,0.0,0,29,23,26,23,8,6,2,2,403,69,334,nodo,TERNI,4.589285714285714,1.25,11.95,21.725
2026-01,REG,S07307,40,40.0,0.0,0.0,0.0,0,18,1,21,1,0,0,0,0,40,54,-14,nodo,MACERATA,-0.35,-0.5,3.0,3.1250000000000018
2026-01,REG,S07405,30,30.0,0.0,0.0,0.0,0,10,9,11,9,2,2,0,0,108,28,80,nodo,RIETI,2.875,2.0,5.75,9.825
2026-01,REG,S07408,1,1.0,0.0,0.0,0.0,0,1,0,0,0,0,0,0,0,4,0,4,nodo,ANTRODOCO BORGO VELINO,4.0,4.0,4.0,4.0
2026-01,REG,S07414,87,87.0,0.0,0.0,0.0,0,29,17,41,17,7,5,3,2,380,76,304,nodo,L\'AQUILA,3.518498942917548,0.0,8.700000000000006,16.049999999999997
2026-01,REG,S07500,4,4.0,0.0,0.0,0.0,0,4,0,0,0,0,0,0,0,4,0,4,nodo,VARANO,1.0,1.0,2.0,2.0
2026-01,REG,S07506,25,25.0,0.0,0.0,0.0,0,13,2,10,2,0,0,0,0,28,23,5,nodo,CIVITANOVA MARCHE-MONTEGRANARO,0.1666666666666666,0.25,3.3000000000000007,4.149999999999999
2026-01,REG,S07513,29,29.0,0.0,0.0,0.0,0,6,6,17,6,1,1,1,0,79,48,31,nodo,S.BENEDETTO DEL TRONTO,1.092857142857143,0.5,4.000000000000001,9.599999999999982
2026-01,REG,S07550,58,58.0,0.0,0.0,0.0,0,18,8,32,8,1,1,0,0,103,84,19,nodo,ASCOLI PICENO,0.3275862068965517,-0.5,4.699999999999999,6.699999999999996
2026-01,REG,S07706,4,4.0,0.0,0.0,0.0,0,2,0,2,0,0,0,0,0,6,3,3,nodo,TORRE DEI PASSERI,0.75,0.75,1.35,1.4249999999999998
2026-01,REG,S07712,4,4.0,0.0,0.0,0.0,0,3,0,1,0,0,0,0,0,5,2,3,nodo,CHIETI,0.75,0.75,1.75,1.875
2026-01,REG,S07802,4,4.0,0.0,0.0,0.0,0,3,0,1,0,0,0,0,0,1,1,0,nodo,GIULIANOVA,0.0,0.0,0.4,0.4499999999999999
2026-01,REG,S07810,196,196.0,0.0,0.0,0.0,0,87,15,94,15,2,2,1,0,275,220,55,nodo,PESCARA,0.2806122448979592,0.0,3.649999999999999,5.074999999999996
2026-01,REG,S07813,8,8.0,0.0,0.0,0.0,0,3,1,4,1,0,0,0,0,10,7,3,nodo,FRANCAVILLA AL MARE,0.375,-0.5,3.150000000000001,3.8249999999999984
2026-01,REG,S07824,4,4.0,0.0,0.0,0.0,0,0,0,4,0,0,0,0,0,0,8,-8,nodo,VASTO S.SALVO,-2.0,-2.0,-1.6,-1.5499999999999998
2026-01,REG,S07900,76,76.0,0.0,0.0,0.0,0,51,7,18,7,0,0,0,0,127,32,95,nodo,TERAMO,1.25,1.0,4.650000000000002,5.074999999999999
2026-01,REG,S08004,10,10.0,0.0,0.0,0.0,0,3,0,7,0,0,0,0,0,5,17,-12,nodo,ORBETELLO-MONTE ARGENTARIO,-1.375,-2.0,1.0500000000000005,1.5249999999999997
2026-01,REG,S08008,8,8.0,0.0,0.0,0.0,0,4,0,4,0,0,0,0,0,3,9,-6,nodo,MONTALTO DI CASTRO,-0.75,-1.25,0.7500000000000004,1.1249999999999991
2026-01,REG,S08010,100,100.0,0.0,0.0,0.0,0,44,9,47,9,6,4,1,0,227,114,113,nodo,CIVITAVECCHIA,1.13,-1.0,4.600000000000001,10.249999999999986
2026-01,REG,S08014,22,22.0,0.0,0.0,0.0,0,3,1,18,1,0,0,0,0,9,30,-21,nodo,VAL D\'ALA,-0.9545454545454546,-1.5,0.0,1.8999999999999984
2026-01,REG,S08020,3,3.0,0.0,0.0,0.0,0,2,0,1,0,0,0,0,0,4,1,3,nodo,MACCARESE-FREGENE,1.75,1.75,1.95,1.975
2026-01,REG,S08021,29,29.0,0.0,0.0,0.0,0,19,3,7,3,2,0,0,0,41,31,10,nodo,LADISPOLI-CERVETERI,0.3309523809523809,0.0,5.600000000000004,7.299999999999999
2026-01,REG,S08025,2,2.0,0.0,0.0,0.0,0,0,2,0,2,0,0,0,0,13,0,13,nodo,ROMA AURELIA,6.5,6.5,6.5,6.5
2026-01,REG,S08203,4,4.0,0.0,0.0,0.0,0,3,0,1,0,0,0,0,0,1,1,0,nodo,ORVIETO,0.0,0.0,0.4,0.4499999999999999
2026-01,REG,S08207,2,2.0,0.0,0.0,0.0,0,0,0,2,0,0,0,0,0,0,4,-4,nodo,ATTIGLIANO-BOMARZO,-2.0,-2.0,-2.0,-2.0
2026-01,REG,S08209,110,110.0,0.0,0.0,0.0,0,33,22,55,22,10,3,1,0,291,219,72,nodo,ORTE,0.5766302548824892,0.0,7.399999999999999,12.2
2026-01,REG,S08211,2,2.0,0.0,0.0,0.0,0,0,1,1,1,1,1,1,0,41,1,40,nodo,CIVITA CASTELLANA-MAGLIANO,20.0,20.0,20.0,20.0
2026-01,REG,S08213,37,37.0,0.0,0.0,0.0,0,15,4,18,4,2,2,1,0,99,31,68,nodo,POGGIO MIRTETO,1.774853801169591,1.0,5.4499999999999975,10.074999999999978
2026-01,REG,S08214,131,131.0,0.0,0.0,0.0,0,53,13,65,13,5,4,0,0,224,132,92,nodo,FARA SABINA-MONTELIBRETTI,0.6764225746268657,-0.5,4.199999999999999,7.474999999999987
2026-01,REG,S08215,31,31.0,0.0,0.0,0.0,0,18,8,5,8,3,1,1,0,109,8,101,nodo,MONTEROTONDO-MENTANA,3.2625,2.25,6.699999999999998,12.274999999999988
2026-01,REG,S08217,349,349.0,0.0,0.0,0.0,0,141,27,181,27,10,3,2,1,588,490,98,nodo,ROMA TIBURTINA,0.3158889254025633,-0.5,3.6000000000000085,6.324999999999989
2026-01,REG,S08301,2,2.0,0.0,0.0,0.0,0,0,1,1,1,1,1,1,0,43,1,42,nodo,GROTTE S.STEFANO,21.0,21.0,21.0,21.0
2026-01,REG,S08304,71,71.0,0.0,0.0,0.0,0,17,9,45,9,3,3,1,0,139,114,25,nodo,VITERBO PORTA FIORENTINA,0.3567460317460317,-1.0,5.100000000000001,9.449999999999974
2026-01,REG,S08306,40,40.0,0.0,0.0,0.0,0,17,2,21,2,0,0,0,0,47,43,4,nodo,VITERBO PORTA ROMANA,0.0999999999999999,-0.25,2.5500000000000007,3.1250000000000018
2026-01,REG,S08315,52,52.0,0.0,0.0,0.0,0,29,6,17,6,2,0,0,0,111,27,84,nodo,BRACCIANO,1.5585185185185186,1.0,4.0,6.4499999999999975
2026-01,REG,S08318,2,2.0,0.0,0.0,0.0,0,0,0,2,0,0,0,0,0,0,5,-5,nodo,ANGUILLARA,-2.5,-2.5,-2.5,-2.5
2026-01,REG,S08319,123,123.0,0.0,0.0,0.0,0,61,9,53,9,2,0,0,0,141,130,11,nodo,CESANO DI ROMA,0.0999471179270227,0.0,3.0,4.474999999999998
2026-01,REG,S08320,42,42.0,0.0,0.0,0.0,0,22,5,15,5,1,0,0,0,62,29,33,nodo,LA STORTA,0.7704545454545454,0.25,4.000000000000002,5.949999999999999
2026-01,REG,S08323,28,28.0,0.0,0.0,0.0,0,13,1,14,1,0,0,0,0,19,19,0,nodo,ROMA S.PIETRO,-0.125,-0.25,1.6500000000000004,2.475
2026-01,REG,S08331,33,33.0,0.0,0.0,0.0,0,14,2,17,2,0,0,0,0,27,23,4,nodo,VIGNA CLARA PES,0.0388888888888888,-0.25,2.3000000000000007,3.299999999999998
2026-01,REG,S08403,2,2.0,0.0,0.0,0.0,0,2,0,0,0,0,0,0,0,1,0,1,nodo,PONTE GALERIA,0.5,0.5,0.5,0.5
2026-01,REG,S08406,157,157.0,0.0,0.0,0.0,0,72,18,67,18,3,1,0,0,248,134,114,nodo,ROMA OSTIENSE,0.7178571428571427,0.0,4.700000000000003,6.049999999999997
2026-01,REG,S08408,8,8.0,0.0,0.0,0.0,0,4,1,3,1,0,0,0,0,15,11,4,nodo,ROMA TUSCOLANA,0.5,0.75,4.450000000000001,4.974999999999999
2026-01,REG,S08409,1138,1138.0,0.0,0.0,0.0,0,525,157,456,157,73,46,19,3,2985,1283,1702,nodo,ROMA TERMINI,1.4955677044724487,0.0,6.050000000000011,11.824999999999989
2026-01,REG,S08411,498,498.0,0.0,0.0,0.0,0,249,54,195,54,29,17,5,0,998,457,541,nodo,FIUMICINO AEROPORTO,1.0834314563607916,0.5,4.5,10.599999999999994
2026-01,REG,S08504,22,22.0,0.0,0.0,0.0,0,3,1,18,1,0,0,0,0,9,30,-21,nodo,BAGNI DI TIVOLI,-0.9545454545454546,-1.5,0.0,1.8999999999999984
2026-01,REG,S08506,32,32.0,0.0,0.0,0.0,0,7,1,24,1,0,0,0,0,15,42,-27,nodo,GUIDONIA-MONTECELIO-S.ANGELO,-0.84375,-1.25,1.0,1.875
2026-01,REG,S08508,46,46.0,0.0,0.0,0.0,0,13,1,32,1,0,0,0,0,18,84,-66,nodo,TIVOLI,-1.3901515151515151,-1.5,1.0,1.4749999999999996
2026-01,REG,S08512,12,12.0,0.0,0.0,0.0,0,4,0,8,0,0,0,0,0,3,12,-9,nodo,VALLE DELL\'ANIENE-MANDELA-SAMBUCI,-0.75,-1.0,0.5,0.75
2026-01,REG,S08526,86,86.0,0.0,0.0,0.0,0,34,8,44,8,5,3,1,0,152,156,-4,nodo,AVEZZANO,-0.0584415584415584,-0.75,3.650000000000002,9.375000000000004
2026-01,REG,S08539,108,108.0,0.0,0.0,0.0,0,42,6,60,6,4,4,4,0,237,127,110,nodo,SULMONA,1.0185185185185184,-0.5,2.5,19.675
2026-01,REG,S08608,40,40.0,0.0,0.0,0.0,0,25,9,6,9,4,1,0,0,142,7,135,nodo,LATINA,3.375,2.25,6.800000000000004,9.650000000000002
2026-01,REG,S08640,34,34.0,0.0,0.0,0.0,0,11,5,18,5,1,1,0,0,65,64,1,nodo,FORMIA-GAETA,-0.1142857142857143,-1.0,4.950000000000002,6.500000000000004
2026-01,REG,S08650,31,31.0,0.0,0.0,0.0,0,12,3,16,3,2,2,1,1,141,25,116,nodo,CIAMPINO,3.664583333333333,0.0,2.8999999999999995,18.149999999999995
2026-01,REG,S08652,3,3.0,0.0,0.0,0.0,0,1,1,1,1,1,1,1,0,34,1,33,nodo,ZAGAROLO,8.0,8.0,13.6,14.3
2026-01,REG,S08657,36,36.0,0.0,0.0,0.0,0,23,2,11,2,1,1,0,0,70,28,42,nodo,COLLEFERRO-SEGNI-PALIANO,1.1666666666666667,1.25,4.0,4.899999999999992
2026-01,REG,S08662,49,49.0,0.0,0.0,0.0,0,22,7,20,7,2,1,1,0,114,75,39,nodo,FROSINONE,0.8041666666666667,0.5,6.15,10.29999999999999
2026-01,REG,S08671,141,141.0,0.0,0.0,0.0,0,56,24,61,24,17,9,5,0,534,159,375,nodo,CASSINO,2.658450704225352,0.0,8.700000000000003,18.84999999999998
2026-01,REG,S08704,72,72.0,0.0,0.0,0.0,0,24,5,43,5,1,1,0,0,75,80,-5,nodo,ALBANO LAZIALE,-0.0694444444444444,-1.0,2.0,3.5
2026-01,REG,S08705,2,2.0,0.0,0.0,0.0,0,2,0,0,0,0,0,0,0,3,0,3,nodo,APRILIA,1.5,1.5,2.7,2.85
2026-01,REG,S08707,4,4.0,0.0,0.0,0.0,0,4,0,0,0,0,0,0,0,5,0,5,nodo,PADIGLIONE,1.25,1.25,1.85,1.925
2026-01,REG,S08710,80,80.0,0.0,0.0,0.0,0,36,8,36,8,0,0,0,0,100,64,36,nodo,NETTUNO,0.4302689180737961,-0.5,4.600000000000001,5.0
2026-01,REG,S08716,2,2.0,0.0,0.0,0.0,0,0,2,0,2,1,1,1,0,43,0,43,nodo,MARECHIARO,21.5,21.5,21.5,21.5
2026-01,REG,S08731,2,2.0,0.0,0.0,0.0,0,1,1,0,1,1,1,1,1,129,0,129,nodo,PAVONA,64.5,64.5,115.3,121.65
2026-01,REG,S08732,3,3.0,0.0,0.0,0.0,0,3,0,0,0,0,0,0,0,3,0,3,nodo,CECCHINA,1.25,1.25,1.45,1.475
2026-01,REG,S08734,98,98.0,0.0,0.0,0.0,0,52,18,28,18,10,9,5,3,564,67,497,nodo,VELLETRI,5.080416666666666,0.25,10.250000000000018,23.37499999999999
2026-01,REG,S08751,61,61.0,0.0,0.0,0.0,0,29,6,26,6,1,1,0,0,90,47,43,nodo,FRASCATI,0.6978494623655914,-0.5,3.650000000000002,6.299999999999997
2026-01,REG,S08850,8,8.0,0.0,0.0,0.0,0,5,0,3,0,0,0,0,0,9,5,4,nodo,CAPISTRELLO,0.5,0.0,1.9000000000000004,2.1999999999999997
2026-01,REG,S09000,1,1.0,0.0,0.0,0.0,0,1,0,0,0,0,0,0,0,0,0,0,nodo,SESSA AURUNCA-ROCCAMONFINA,0.0,0.0,0.0,0.0
2026-01,REG,S09003,136,136.0,0.0,0.0,0.0,0,82,24,30,24,8,2,0,0,397,65,332,nodo,VILLA LITERNO,2.4419208306294613,2.5,6.5,8.849999999999998
2026-01,REG,S09006,8,8.0,0.0,0.0,0.0,0,4,0,4,0,0,0,0,0,10,11,-1,nodo,AVERSA,-0.125,-0.75,2.650000000000001,3.3249999999999984
2026-01,REG,S09101,14,14.0,0.0,0.0,0.0,0,6,0,8,0,0,0,0,0,5,16,-11,nodo,POZZUOLI SOLFATARA,-0.7708333333333333,-1.25,1.0,1.0
2026-01,REG,S09103,100,100.0,0.0,0.0,0.0,0,61,17,22,17,4,1,0,0,279,40,239,nodo,NAPOLI CAMPI FLEGREI,2.3859543817527014,2.5,6.5,7.899999999999991
2026-01,REG,S09150,42,42.0,0.0,0.0,0.0,0,7,14,21,14,4,0,0,0,138,69,69,nodo,MINTURNO-SCAURI,1.5886363636363636,1.0,8.950000000000003,11.075
2026-01,REG,S09203,12,12.0,0.0,0.0,0.0,0,4,3,5,3,1,1,0,0,40,16,24,nodo,VAIRANO-CAIANELLO,2.0,0.25,6.75,8.875
2026-01,REG,S09211,197,197.0,0.0,0.0,0.0,0,72,26,99,26,6,4,1,0,387,292,95,nodo,CASERTA,0.4935567010309278,0.0,5.200000000000003,6.599999999999994
2026-01,REG,S09213,7,7.0,0.0,0.0,0.0,0,3,4,0,4,2,1,0,0,54,0,54,nodo,CANCELLO,7.714285714285714,5.0,16.400000000000002,18.2
2026-01,REG,S09218,406,406.0,0.0,0.0,0.0,0,144,54,208,54,15,7,0,0,715,880,-165,nodo,NAPOLI CENTRALE,-0.4064039408866995,-0.5,5.0,7.0
2026-01,REG,S09311,32,32.0,0.0,0.0,0.0,0,7,1,24,1,1,1,0,0,42,151,-109,nodo,BENEVENTO,-3.40625,-4.25,0.0,3.5
2026-01,REG,S09453,40,40.0,0.0,0.0,0.0,0,8,11,21,11,7,6,4,1,270,66,204,nodo,BOIANO,5.1000000000000005,-0.25,21.450000000000014,30.975000000000016
2026-01,REG,S09520,1,1.0,0.0,0.0,0.0,0,1,0,0,0,0,0,0,0,1,0,1,nodo,BARONISSI,1.0,1.0,1.0,1.0
2026-01,REG,S09702,16,16.0,0.0,0.0,0.0,0,4,4,8,4,2,1,1,0,72,31,41,nodo,SARNO,2.9545454545454546,-1.0,14.900000000000002,19.7
2026-01,REG,S09706,39,39.0,0.0,0.0,0.0,0,24,2,13,2,1,1,0,0,55,29,26,nodo,MERCATO S.SEVERINO,0.6644736842105263,0.25,3.200000000000003,5.225000000000001
2026-01,REG,S09806,4,4.0,0.0,0.0,0.0,0,2,0,2,0,0,0,0,0,1,7,-6,nodo,TORRE ANNUNZIATA CENTRALE,-1.5,-1.5,0.1,0.2999999999999998
2026-01,REG,S09814,50,50.0,0.0,0.0,0.0,0,21,6,23,6,1,0,0,0,56,70,-14,nodo,NOCERA INFERIORE,-0.3666666666666667,-0.5,4.600000000000001,5.525
2026-01,REG,S09818,239,239.0,0.0,0.0,0.0,0,126,23,90,23,8,5,2,0,387,339,48,nodo,SALERNO,0.0973058398555087,-0.5,4.0,6.5
2026-01,REG,S09823,8,8.0,0.0,0.0,0.0,0,3,2,3,2,1,0,0,0,15,13,2,nodo,BATTIPAGLIA,0.6666666666666667,0.0,5.5,6.5
2026-01,REG,S09824,12,12.0,0.0,0.0,0.0,0,2,4,6,4,1,1,0,0,38,17,21,nodo,EBOLI,1.1571428571428573,2.0,5.600000000000001,7.049999999999997
2026-01,REG,S09827,1,1.0,0.0,0.0,0.0,0,1,0,0,0,0,0,0,0,3,0,3,nodo,SICIGNANO DEGLI ALBURNI,3.0,3.0,3.0,3.0
2026-01,REG,S09828,14,14.0,0.0,0.0,0.0,0,3,3,8,3,1,0,0,0,29,34,-5,nodo,BUCCINO S.GREGORIO MAGNO,-0.25,-1.5,7.05,7.774999999999999
2026-01,REG,S09832,4,4.0,0.0,0.0,0.0,0,0,0,4,0,0,0,0,0,0,10,-10,nodo,BARAGIANO-RUOTI,-2.5,-2.5,-1.3,-1.15
2026-01,REG,S09839,49,49.0,0.0,0.0,0.0,0,49,0,0,0,0,0,0,0,2,0,2,nodo,ARECHI,0.0208333333333333,0.0,0.0,0.0
2026-01,REG,S11019,56,56.0,0.0,0.0,0.0,0,18,3,35,3,2,1,0,0,65,77,-12,nodo,TERMOLI,-0.2142857142857143,-1.25,2.6500000000000004,3.974999999999998
2026-01,REG,S11025,12,12.0,0.0,0.0,0.0,0,6,0,6,0,0,0,0,0,13,9,4,nodo,S.SEVERO,0.3333333333333333,0.25,2.5,2.75
2026-01,REG,S11100,105,105.0,0.0,0.0,0.0,0,51,7,47,7,2,1,1,0,169,144,25,nodo,FOGGIA,0.2296806966618287,0.0,3.8500000000000014,4.5
2026-01,REG,S11108,102,102.0,0.0,0.0,0.0,0,37,6,59,6,3,2,0,0,148,139,9,nodo,BARLETTA,0.0996153846153846,-1.0,3.5500000000000007,6.824999999999996
2026-01,REG,S11119,271,271.0,0.0,0.0,0.0,0,115,15,141,15,4,4,1,0,326,281,45,nodo,BARI CENTRALE,0.1656045751633987,-0.5,3.5,4.625
2026-01,REG,S11126,4,4.0,0.0,0.0,0.0,0,2,0,2,0,0,0,0,0,2,3,-1,nodo,BARI TORRE A MARE,-0.25,-0.25,-0.05,-0.025
2026-01,REG,S11130,96,96.0,0.0,0.0,0.0,0,34,2,60,2,2,1,0,0,95,143,-48,nodo,FASANO,-0.5,-1.0,3.5,3.8249999999999993
2026-01,REG,S11136,36,36.0,0.0,0.0,0.0,0,15,5,16,5,2,0,0,0,69,43,26,nodo,BRINDISI,0.7222222222222222,0.25,4.250000000000002,6.749999999999993
2026-01,REG,S11145,88,88.0,0.0,0.0,0.0,0,34,6,48,6,2,2,0,0,100,119,-19,nodo,LECCE,-0.2159090909090908,-1.0,3.3500000000000014,4.425000000000001
2026-01,REG,S11205,16,16.0,0.0,0.0,0.0,0,6,0,10,0,0,0,0,0,8,50,-42,nodo,ROCCHETTA S.ANTONIO-LACEDONIA,-2.625,-3.0,1.65,1.825
2026-01,REG,S11252,64,64.0,0.0,0.0,0.0,0,25,0,39,0,0,0,0,0,26,46,-20,nodo,BITRITTO,-0.3125,-1.0,1.450000000000001,2.225
2026-01,REG,S11420,44,44.0,0.0,0.0,0.0,0,12,3,29,3,2,1,0,0,65,143,-78,nodo,POTENZA CENTRALE,-1.7727272727272727,-2.0,2.900000000000002,4.424999999999999
2026-01,REG,S11465,74,74.0,0.0,0.0,0.0,0,24,26,24,26,16,6,3,0,397,103,294,nodo,TARANTO,3.972972972972973,2.0,14.099999999999994,21.99999999999998
2026-01,REG,S11721,72,72.0,0.0,0.0,0.0,0,22,14,36,14,5,2,1,0,169,139,30,nodo,SAPRI,0.4166666666666666,-0.5,6.0,9.625
2026-01,REG,S11739,42,42.0,0.0,0.0,0.0,0,18,5,19,5,3,2,0,0,107,49,58,nodo,PAOLA,1.2840909090909092,0.5,7.55000000000001,10.4
2026-01,REG,S11749,102,102.0,0.0,0.0,0.0,0,45,15,42,15,5,1,1,0,227,140,87,nodo,LAMEZIA TERME CENTRALE,0.8665384615384616,0.5,5.550000000000001,8.549999999999997
2026-01,REG,S11765,22,22.0,0.0,0.0,0.0,0,11,2,9,2,1,0,0,0,37,22,15,nodo,ROSARNO,0.5083333333333333,0.0,3.4000000000000004,5.349999999999997
2026-01,REG,S11774,24,24.0,0.0,0.0,0.0,0,9,0,15,0,0,0,0,0,7,22,-15,nodo,VILLA S.GIOVANNI,-0.625,-0.75,0.5,1.3999999999999986
2026-01,REG,S11781,185,185.0,0.0,0.0,0.0,0,61,40,84,40,15,10,4,0,622,253,369,nodo,REGGIO DI CALABRIA CENTRALE,1.984046283309958,0.0,7.399999999999999,15.799999999999985
2026-01,REG,S11811,28,28.0,0.0,0.0,0.0,0,12,0,16,0,0,0,0,0,18,51,-33,nodo,SIBARI,-1.1785714285714286,-1.0,1.8500000000000003,2.35
2026-01,REG,S11823,52,52.0,0.0,0.0,0.0,0,20,6,26,6,0,0,0,0,68,123,-55,nodo,CROTONE,-1.0576923076923077,-0.25,3.5,3.875
2026-01,REG,S11833,139,139.0,0.0,0.0,0.0,0,62,30,47,30,9,7,3,0,471,168,303,nodo,CATANZARO LIDO,2.1918219461697723,1.0,7.550000000000001,12.399999999999975
2026-01,REG,S11847,28,28.0,0.0,0.0,0.0,0,9,15,4,15,3,1,0,0,136,13,123,nodo,ROCCELLA JONICA,4.392857142857142,4.0,9.650000000000006,13.624999999999998
2026-01,REG,S11851,16,16.0,0.0,0.0,0.0,0,8,3,5,3,0,0,0,0,31,12,19,nodo,LOCRI,1.1875,1.75,4.1,4.799999999999999
2026-01,REG,S11863,60,60.0,0.0,0.0,0.0,0,21,1,38,1,0,0,0,0,22,73,-51,nodo,MELITO DI PORTO SALVO,-0.8515016685205784,-1.0,1.0999999999999996,1.799999999999999
2026-01,REG,S11910,117,117.0,0.0,0.0,0.0,0,45,16,56,16,6,1,1,0,224,156,68,nodo,COSENZA,0.6065789473684211,0.0,5.699999999999999,8.174999999999994
2026-01,REG,S12002,405,405.0,0.0,0.0,0.0,0,204,52,149,52,18,12,4,1,988,349,639,nodo,PALERMO CENTRALE,1.578170731707317,0.5,5.5,9.0
2026-01,REG,S12014,92,92.0,0.0,0.0,0.0,0,58,8,26,8,3,2,0,0,178,43,135,nodo,TERMINI IMERESE,1.4673913043478262,0.5,4.0,5.75
2026-01,REG,S12019,12,12.0,0.0,0.0,0.0,0,8,1,3,1,0,0,0,0,22,11,11,nodo,CEFALU\',0.9166666666666669,1.5,4.0,4.5
2026-01,REG,S12027,69,69.0,0.0,0.0,0.0,0,21,14,34,14,3,2,1,1,225,83,142,nodo,S.AGATA DI MILITELLO,2.0823529411764707,-0.5,6.800000000000001,10.874999999999996
2026-01,REG,S12036,32,32.0,0.0,0.0,0.0,0,19,6,7,6,1,1,0,0,88,14,74,nodo,PATTI-S.PIERO PATTI,2.3125,1.5,6.0,9.125
2026-01,REG,S12042,1,1.0,0.0,0.0,0.0,0,0,1,0,1,1,1,0,0,16,0,16,nodo,MILAZZO,16.0,16.0,16.0,16.0
2026-01,REG,S12100,51,51.0,0.0,0.0,0.0,0,14,8,29,8,6,4,4,2,296,96,200,nodo,TRAPANI,3.9238461538461538,-1.25,7.150000000000002,42.12499999999992
2026-01,REG,S12113,43,43.0,0.0,0.0,0.0,0,14,8,21,8,6,4,3,2,260,78,182,nodo,CASTELVETRANO,4.252164502164503,-0.5,7.950000000000001,41.325
2026-01,REG,S12125,19,19.0,0.0,0.0,0.0,0,7,2,10,2,2,2,1,0,85,19,66,nodo,PIRAINETO,3.588888888888889,-0.75,9.6,23.799999999999983
2026-01,REG,S12126,2,2.0,0.0,0.0,0.0,0,0,0,2,0,0,0,0,0,0,5,-5,nodo,CINISI TERRASINI,-2.5,-2.5,-2.1,-2.05
2026-01,REG,S12133,160,160.0,0.0,0.0,0.0,0,90,10,60,10,0,0,0,0,186,111,75,nodo,PALERMO AEROPORTO,0.4873358348968105,0.0,3.0,4.074999999999996
2026-01,REG,S12134,148,148.0,0.0,0.0,0.0,0,26,0,122,0,0,0,0,0,22,401,-379,nodo,PALERMO NOTARBARTOLO,-2.560810810810811,-3.0,-0.1499999999999985,0.8499999999999943
2026-01,REG,S12138,120,120.0,0.0,0.0,0.0,0,13,0,107,0,0,0,0,0,0,379,-379,nodo,GIACHERY,-3.158333333333333,-3.5,-2.5,-2.5
2026-01,REG,S12150,3,3.0,0.0,0.0,0.0,0,1,0,2,0,0,0,0,0,0,4,-4,nodo,ALCAMO DIRAMAZIONE,-1.75,-1.75,-1.55,-1.525
2026-01,REG,S12204,18,18.0,0.0,0.0,0.0,0,8,2,8,2,0,0,0,0,20,20,0,nodo,ROCCAPALUMBA-ALIA,0.1374999999999999,0.25,3.55,3.775
2026-01,REG,S12216,67,67.0,0.0,0.0,0.0,0,29,11,27,11,4,3,1,0,186,70,116,nodo,AGRIGENTO CENTRALE,1.7214795008912656,1.0,5.4,12.675
2026-01,REG,S12270,8,8.0,0.0,0.0,0.0,0,4,1,3,1,1,1,0,0,25,10,15,nodo,CALTAGIRONE,1.875,0.25,7.750000000000002,8.874999999999996
2026-01,REG,S12301,132,132.0,0.0,0.0,0.0,0,68,18,46,18,4,1,0,0,212,150,62,nodo,MESSINA CENTRALE,0.4636948529411764,0.0,5.150000000000002,8.424999999999997
2026-01,REG,S12308,28,28.0,0.0,0.0,0.0,0,28,0,0,0,0,0,0,0,0,0,0,nodo,GIAMPILIERI,0.0,0.0,0.0,0.0
2026-01,REG,S12317,77,77.0,0.0,0.0,0.0,0,28,12,37,12,6,2,1,0,192,136,56,nodo,TAORMINA-GIARDINI,0.9651162790697676,-0.5,5.400000000000002,11.774999999999986
2026-01,REG,S12320,10,10.0,0.0,0.0,0.0,0,2,2,6,2,1,0,0,0,20,22,-2,nodo,ALCANTARA,-0.375,-2.5,6.050000000000001,7.274999999999998
2026-01,REG,S12324,4,4.0,0.0,0.0,0.0,0,0,0,4,0,0,0,0,0,0,11,-11,nodo,GIARRE RIPOSTO,-2.75,-2.75,-2.55,-2.525
2026-01,REG,S12332,115,115.0,0.0,0.0,0.0,0,41,26,48,26,10,9,3,0,440,170,270,nodo,CATANIA CENTRALE,2.453030303030303,0.0,7.150000000000002,20.14999999999999
2026-01,REG,S12338,5,5.0,0.0,0.0,0.0,0,4,0,1,0,0,0,0,0,3,1,2,nodo,BICOCCA,0.625,0.75,1.0,1.0
2026-01,REG,S12341,1,1.0,0.0,0.0,0.0,0,1,0,0,0,0,0,0,0,4,0,4,nodo,LENTINI,4.0,4.0,4.0,4.0
2026-01,REG,S12345,2,2.0,0.0,0.0,0.0,0,2,0,0,0,0,0,0,0,2,0,2,nodo,AUGUSTA,1.0,1.0,1.0,1.0
2026-01,REG,S12349,47,47.0,0.0,0.0,0.0,0,21,18,8,18,11,5,2,0,302,43,259,nodo,SIRACUSA,5.505434782608695,3.25,13.8,23.349999999999984
2026-01,REG,S12370,2,2.0,0.0,0.0,0.0,0,1,0,1,0,0,0,0,0,2,2,0,nodo,ARAGONA CALDARE,0.0,0.0,0.0,0.0
2026-01,REG,S12380,25,25.0,0.0,0.0,0.0,0,12,1,12,1,1,1,0,0,40,25,15,nodo,CALTANISSETTA XIRBI,0.5576923076923077,-0.25,1.5,7.3749999999999805
2026-01,REG,S12381,49,49.0,0.0,0.0,0.0,0,18,9,22,9,2,2,2,1,195,65,130,nodo,CALTANISSETTA CENTRALE,2.4347826086956523,0.0,4.5,15.299999999999995
2026-01,REG,S12407,2,2.0,0.0,0.0,0.0,0,1,0,1,0,0,0,0,0,1,4,-3,nodo,GELA,-1.5,-1.5,-1.5,-1.5
2026-01,REG,S12414,2,2.0,0.0,0.0,0.0,0,2,0,0,0,0,0,0,0,2,0,2,nodo,RAGUSA,1.0,1.0,1.0,1.0
2026-01,REG,S12417,9,9.0,0.0,0.0,0.0,0,3,2,4,2,2,2,2,1,132,10,122,nodo,MODICA,12.125,0.75,35.95,42.725
2026-01,REG,S12862,18,18.0,0.0,0.0,0.0,0,6,4,8,4,3,1,0,0,52,16,36,nodo,OZIERI CHILIVANI,1.9875,0.25,8.599999999999998,11.799999999999994
2026-01,REG,S12869,22,22.0,0.0,0.0,0.0,0,8,1,13,1,0,0,0,0,15,29,-14,nodo,MACOMER,-0.6333333333333333,-1.75,2.1999999999999997,3.599999999999997
2026-01,REG,S12878,19,19.0,0.0,0.0,0.0,0,10,1,8,1,1,0,0,0,22,12,10,nodo,ORISTANO,0.5833333333333334,0.0,3.2000000000000006,4.599999999999999
2026-01,REG,S12882,99,99.0,0.0,0.0,0.0,0,20,4,75,4,2,0,0,0,46,134,-88,nodo,S.GAVINO,-0.8951020408163265,-1.5,0.6000000000000014,1.5499999999999972
2026-01,REG,S12888,88,88.0,0.0,0.0,0.0,0,45,4,39,4,3,0,0,0,96,54,42,nodo,DECIMOMANNU,0.4772727272727272,-0.25,2.8500000000000014,4.775000000000002
2026-01,REG,S12890,32,32.0,0.0,0.0,0.0,0,29,1,2,1,1,1,0,0,46,2,44,nodo,CAGLIARI ELMAS,1.375,0.75,2.5,5.125
2026-01,REG,S12891,282,282.0,0.0,0.0,0.0,0,116,16,150,16,10,2,0,0,283,248,35,nodo,CAGLIARI,0.1224346076458752,-0.75,2.5,4.5
2026-01,REG,S12902,32,32.0,0.0,0.0,0.0,0,6,7,19,7,4,2,0,0,84,29,55,nodo,OLBIA TERRANOVA,1.71875,-0.5,9.25,13.75
2026-01,REG,S13104,22,22.0,0.0,0.0,0.0,0,3,18,1,18,12,6,3,0,290,1,289,nodo,MARTINA FRANCA,13.136363636363637,10.5,26.0,31.25
2026-01,REG,S19919,76,76.0,0.0,0.0,0.0,0,37,10,29,10,5,3,1,0,175,29,146,nodo,STABIO,1.9388888888888889,0.0,5.300000000000001,11.949999999999996
2026-02,REG,S01030,1,1.0,0.0,0.0,0.0,0,1,0,0,0,0,0,0,0,1,0,1,nodo,GALLARATE,1.0,1.0,1.0,1.0
2026-02,REG,S01700,1,1.0,0.0,0.0,0.0,0,1,0,0,0,0,0,0,0,1,0,1,nodo,MILANO CENTRALE,1.0,1.0,1.0,1.0
2026-02,REG,S01807,1,1.0,0.0,0.0,0.0,0,0,1,0,1,1,1,1,0,30,0,30,nodo,VOGHERA,30.0,30.0,30.0,30.0
2026-02,REG,S02038,1,1.0,0.0,0.0,0.0,0,0,1,0,1,1,1,0,0,27,0,27,nodo,TRENTO,27.0,27.0,27.0,27.0
2026-02,REG,S02430,1,1.0,0.0,0.0,0.0,0,0,1,0,1,1,1,0,0,27,0,27,nodo,VERONA PORTA NUOVA,27.0,27.0,27.0,27.0
