giorno,categoria,cod_stazione,corse_osservate,effettuate,cancellate,soppresse,parzialmente_cancellate,info_mancante,in_orario,in_ritardo,in_anticipo,oltre_5,oltre_10,oltre_15,oltre_30,oltre_60,minuti_ritardo_tot,minuti_anticipo_tot,minuti_netti_tot,ritardo_medio,ritardo_mediano,p90,p95,ruolo,nome_stazione
2025-09-30,FA,S04700,1,1,0,0,0,0,0,1,0,1,1,1,1,0,35,0,35,35.0,35.0,35.0,35.0,nodo,GENOVA PIAZZA PRINCIPE
2025-09-30,FA,S08409,1,1,0,0,0,0,0,1,0,1,1,1,1,0,35,0,35,35.0,35.0,35.0,35.0,nodo,ROMA TERMINI
2025-09-30,FR,S01700,2,2,0,0,0,0,0,1,1,1,0,0,0,0,7,7,0,0.0,0.0,0.0,0.0,nodo,MILANO CENTRALE
2025-09-30,FR,S02593,1,1,0,0,0,0,0,1,0,1,1,1,1,0,47,0,47,47.0,47.0,47.0,47.0,nodo,VENEZIA S.LUCIA
2025-09-30,FR,S08409,2,2,0,0,0,0,1,1,0,1,0,0,0,0,8,0,8,4.0,4.0,6.4,6.699999999999999,nodo,ROMA TERMINI
2025-09-30,FR,S09218,3,3,0,0,0,0,1,1,1,1,1,1,1,0,48,7,41,13.666666666666666,1.0,37.800000000000004,42.4,nodo,NAPOLI CENTRALE
2025-09-30,IC,S01700,4,4,0,0,0,0,2,1,1,1,1,0,0,0,17,22,-5,-1.25,3.0,8.600000000000001,9.799999999999997,nodo,MILANO CENTRALE
2025-09-30,IC,S04501,1,1,0,0,0,0,1,0,0,0,0,0,0,0,3,0,3,3.0,3.0,3.0,3.0,nodo,VENTIMIGLIA
2025-09-30,IC,S04725,1,1,0,0,0,0,0,0,1,0,0,0,0,0,0,2,-2,-2.0,-2.0,-2.0,-2.0,nodo,SESTRI LEVANTE
2025-09-30,IC,S06000,1,1,0,0,0,0,0,1,0,1,1,0,0,0,11,0,11,11.0,11.0,11.0,11.0,nodo,LA SPEZIA CENTRALE
2025-09-30,IC,S06421,1,1,0,0,0,0,0,0,1,0,0,0,0,0,0,6,-6,-6.0,-6.0,-6.0,-6.0,nodo,FIRENZE SANTA MARIA NOVELLA
2025-09-30,IC,S07226,1,1,0,0,0,0,0,0,1,0,0,0,0,0,0,6,-6,-6.0,-6.0,-6.0,-6.0,nodo,TERNI
2025-09-30,IC,S08409,2,2,0,0,0,0,0,0,2,0,0,0,0,0,0,21,-21,-10.5,-10.5,-4.5,-3.750000000000001,nodo,ROMA TERMINI
2025-09-30,IC,S09218,1,1,0,0,0,0,0,0,1,0,0,0,0,0,0,2,-2,-2.0,-2.0,-2.0,-2.0,nodo,NAPOLI CENTRALE
2025-09-30,IC,S09818,1,1,0,0,0,0,0,0,1,0,0,0,0,0,0,22,-22,-22.0,-22.0,-22.0,-22.0,nodo,SALERNO
2025-09-30,IC,S12349,3,3,0,0,0,0,1,0,2,0,0,0,0,0,3,21,-18,-6.0,-3.0,1.8000000000000003,2.3999999999999995,nodo,SIRACUSA
2025-09-30,ICN,S00219,7,7,0,0,0,0,3,2,2,2,2,2,0,0,50,10,40,6.125,1.25,17.050000000000004,19.274999999999995,nodo,TORINO PORTA NUOVA
2025-09-30,ICN,S01700,2,2,0,0,0,0,0,2,0,2,2,2,0,0,39,0,39,19.5,19.5,19.5,19.5,nodo,MILANO CENTRALE
2025-09-30,ICN,S03317,2,2,0,0,0,0,1,1,0,1,1,0,0,0,17,0,17,8.5,8.5,8.5,8.5,nodo,TRIESTE CENTRALE
2025-09-30,ICN,S08409,4,4,0,0,0,0,2,1,1,1,1,0,0,0,20,2,18,7.666666666666667,8.5,8.5,8.5,nodo,ROMA TERMINI
2025-09-30,ICN,S09818,4,4,0,0,0,0,1,1,2,1,1,1,0,0,25,10,15,3.75,3.75,9.15,9.825,nodo,SALERNO
2025-09-30,ICN,S11145,2,2,0,0,0,0,1,1,0,1,1,1,0,0,26,0,26,13.0,13.0,20.2,21.099999999999998,nodo,LECCE
2025-09-30,ICN,S11781,2,2,0,0,0,0,1,1,0,1,1,1,0,0,21,0,21,10.5,10.5,10.5,10.5,nodo,REGGIO DI CALABRIA CENTRALE
2025-09-30,ICN,S12349,3,3,0,0,0,0,1,1,1,1,1,1,0,0,20,2,18,6.0,3.0,14.200000000000001,15.599999999999998,nodo,SIRACUSA
2025-09-30,REG,S00034,1,1,0,0,0,0,0,0,1,0,0,0,0,0,0,2,-2,-2.0,-2.0,-2.0,-2.0,nodo,MORTARA
2025-09-30,REG,S00219,1,1,0,0,0,0,0,0,1,0,0,0,0,0,0,1,-1,-1.0,-1.0,-1.0,-1.0,nodo,TORINO PORTA NUOVA
2025-09-30,REG,S00248,3,3,0,0,0,0,1,1,1,1,1,0,0,0,13,1,12,5.5,5.5,6.3,6.4,nodo,NOVARA
2025-09-30,REG,S01030,2,2,0,0,0,0,2,0,0,0,0,0,0,0,4,0,4,2.0,2.0,2.0,2.0,nodo,GALLARATE
2025-09-30,REG,S01031,1,1,0,0,0,0,0,0,1,0,0,0,0,0,0,1,-1,-1.0,-1.0,-1.0,-1.0,nodo,BUSTO ARSIZIO
2025-09-30,REG,S01066,6,6,0,0,0,0,4,0,2,0,0,0,0,0,2,8,-6,-1.0,-1.0,0.6000000000000001,0.7999999999999998,nodo,MILANO CADORNA
2025-09-30,REG,S01137,2,2,0,0,0,0,1,0,1,0,0,0,0,0,0,2,-2,-1.0,-1.0,-0.19999999999999996,-0.10000000000000009,nodo,BUSTO ARSIZIO NORD
2025-09-30,REG,S01205,2,2,0,0,0,0,1,1,0,1,1,0,0,0,11,0,11,5.5,5.5,5.5,5.5,nodo,VARESE
2025-09-30,REG,S01301,1,1,0,0,0,0,0,0,1,0,0,0,0,0,0,3,-3,-3.0,-3.0,-3.0,-3.0,nodo,CHIASSO
2025-09-30,REG,S01316,3,3,0,0,0,0,1,0,2,0,0,0,0,0,1,8,-7,-1.5,-1.5,-0.7,-0.6000000000000001,nodo,CAMNAGO-LENTATE
2025-09-30,REG,S01326,1,1,0,0,0,0,1,0,0,0,0,0,0,0,2,0,2,2.0,2.0,2.0,2.0,nodo,MILANO GRECO PIRELLI
2025-09-30,REG,S01520,1,1,0,0,0,0,0,0,1,0,0,0,0,0,0,1,-1,-1.0,-1.0,-1.0,-1.0,nodo,LECCO
2025-09-30,REG,S01529,1,1,0,0,0,0,0,0,1,0,0,0,0,0,0,1,-1,-1.0,-1.0,-1.0,-1.0,nodo,BERGAMO
2025-09-30,REG,S01631,1,1,0,0,0,0,0,0,1,0,0,0,0,0,0,2,-2,-2.0,-2.0,-2.0,-2.0,nodo,MILANO PORTA GENOVA
2025-09-30,REG,S01640,1,1,0,0,0,0,0,0,1,0,0,0,0,0,0,1,-1,-1.0,-1.0,-1.0,-1.0,nodo,MILANO CERTOSA
2025-09-30,REG,S01642,4,4,0,0,0,0,0,0,4,0,0,0,0,0,0,7,-7,-1.5,-1.5,-1.1,-1.05,nodo,MILANO BOVISA POLITECNICO
2025-09-30,REG,S01645,3,3,0,0,0,0,0,1,2,1,1,0,0,0,10,5,5,3.75,3.75,3.95,3.975,nodo,MILANO PORTA GARIBALDI
2025-09-30,REG,S01700,6,6,0,0,0,0,0,0,6,0,0,0,0,0,0,11,-11,-1.9,-1.5,-1.5,-1.5,nodo,MILANO CENTRALE
2025-09-30,REG,S01703,2,2,0,0,0,0,1,0,1,0,0,0,0,0,3,1,2,1.0,1.0,2.6,2.8,nodo,PIOLTELLO LIMITO
2025-09-30,REG,S01708,5,5,0,0,0,0,3,1,1,1,1,0,0,0,15,1,14,5.875,6.0,6.5,6.5,nodo,TREVIGLIO
2025-09-30,REG,S01717,1,1,0,0,0,0,0,0,1,0,0,0,0,0,0,2,-2,-2.0,-2.0,-2.0,-2.0,nodo,BRESCIA
2025-09-30,REG,S01807,1,1,0,0,0,0,0,0,1,0,0,0,0,0,0,2,-2,-2.0,-2.0,-2.0,-2.0,nodo,VOGHERA
2025-09-30,REG,S01860,3,3,0,0,0,0,0,0,3,0,0,0,0,0,0,5,-5,-1.5,-1.5,-1.1,-1.05,nodo,PAVIA
2025-09-30,REG,S01933,2,2,0,0,0,0,2,0,0,0,0,0,0,0,1,0,1,0.5,0.5,0.5,0.5,nodo,SARONNO
2025-09-30,REG,S02011,1,1,0,0,0,0,0,0,1,0,0,0,0,0,0,1,-1,-1.0,-1.0,-1.0,-1.0,nodo,FORTEZZA
2025-09-30,REG,S02026,1,1,0,0,0,0,0,0,1,0,0,0,0,0,0,1,-1,-1.0,-1.0,-1.0,-1.0,nodo,BOLZANO
2025-09-30,REG,S02430,1,1,0,0,0,0,0,0,1,0,0,0,0,0,0,4,-4,-4.0,-4.0,-4.0,-4.0,nodo,VERONA PORTA NUOVA
2025-09-30,REG,S02581,1,1,0,0,0,0,0,0,1,0,0,0,0,0,0,9,-9,-9.0,-9.0,-9.0,-9.0,nodo,PADOVA
2025-09-30,REG,S02593,5,5,0,0,0,0,1,2,2,2,0,0,0,0,13,12,1,0.5,1.25,3.5,3.5,nodo,VENEZIA S.LUCIA
2025-09-30,REG,S02832,1,1,0,0,0,0,0,0,1,0,0,0,0,0,0,3,-3,-3.0,-3.0,-3.0,-3.0,nodo,BASILIANO
2025-09-30,REG,S03200,1,1,0,0,0,0,0,1,0,1,0,0,0,0,6,0,6,6.0,6.0,6.0,6.0,nodo,PORTOGRUARO CAORLE
2025-09-30,REG,S03310,1,1,0,0,0,0,0,1,0,1,0,0,0,0,6,0,6,6.0,6.0,6.0,6.0,nodo,MONFALCONE
2025-09-30,REG,S03317,1,1,0,0,0,0,1,0,0,0,0,0,0,0,1,0,1,1.0,1.0,1.0,1.0,nodo,TRIESTE CENTRALE
2025-09-30,REG,S04700,1,1,0,0,0,0,1,0,0,0,0,0,0,0,3,0,3,3.0,3.0,3.0,3.0,nodo,GENOVA PIAZZA PRINCIPE
2025-09-30,REG,S04702,2,2,0,0,0,0,0,0,2,0,0,0,0,0,0,5,-5,-2.5,-2.5,-2.5,-2.5,nodo,GENOVA BRIGNOLE
2025-09-30,REG,S04725,3,3,0,0,0,0,2,0,1,0,0,0,0,0,4,2,2,0.75,0.75,1.75,1.875,nodo,SESTRI LEVANTE
2025-09-30,REG,S04801,1,1,0,0,0,0,1,0,0,0,0,0,0,0,1,0,1,1.0,1.0,1.0,1.0,nodo,SAVONA
2025-09-30,REG,S05000,1,1,0,0,0,0,1,0,0,0,0,0,0,0,2,0,2,2.0,2.0,2.0,2.0,nodo,PIACENZA
2025-09-30,REG,S05043,2,2,0,0,0,0,0,0,2,0,0,0,0,0,0,6,-6,-3.0,-3.0,-3.0,-3.0,nodo,BOLOGNA CENTRALE
2025-09-30,REG,S05308,1,1,0,0,0,0,0,0,1,0,0,0,0,0,0,4,-4,-4.0,-4.0,-4.0,-4.0,nodo,POGGIO RUSCO
2025-09-30,REG,S06000,1,1,0,0,0,0,0,0,1,0,0,0,0,0,0,3,-3,-3.0,-3.0,-3.0,-3.0,nodo,LA SPEZIA CENTRALE
2025-09-30,REG,S06421,2,2,0,0,0,0,0,0,2,0,0,0,0,0,0,5,-5,-2.5,-2.5,-2.1,-2.05,nodo,FIRENZE SANTA MARIA NOVELLA
2025-09-30,REG,S06500,1,1,0,0,0,0,0,0,1,0,0,0,0,0,0,1,-1,-1.0,-1.0,-1.0,-1.0,nodo,PISA CENTRALE
2025-09-30,REG,S06725,1,1,0,0,0,0,0,0,1,0,0,0,0,0,0,3,-3,-3.0,-3.0,-3.0,-3.0,nodo,LIVORNO CENTRALE
2025-09-30,REG,S06915,1,1,0,0,0,0,0,0,1,0,0,0,0,0,0,2,-2,-2.0,-2.0,-2.0,-2.0,nodo,AREZZO
2025-09-30,REG,S07113,1,1,0,0,0,0,0,1,0,1,1,1,0,0,16,0,16,16.0,16.0,16.0,16.0,nodo,ANCONA
2025-09-30,REG,S08010,1,1,0,0,0,0,1,0,0,0,0,0,0,0,1,0,1,1.0,1.0,1.0,1.0,nodo,CIVITAVECCHIA
2025-09-30,REG,S08217,1,1,0,0,0,0,1,0,0,0,0,0,0,0,3,0,3,3.0,3.0,3.0,3.0,nodo,ROMA TIBURTINA
2025-09-30,REG,S08409,3,3,0,0,0,0,1,1,1,1,1,1,0,0,17,1,16,5.333333333333333,1.0,13.0,14.499999999999998,nodo,ROMA TERMINI
2025-09-30,REG,S08640,1,1,0,0,0,0,1,0,0,0,0,0,0,0,3,0,3,3.0,3.0,3.0,3.0,nodo,FORMIA-GAETA
2025-09-30,REG,S11119,2,2,0,0,0,0,0,0,2,0,0,0,0,0,0,4,-4,-2.0,-2.0,-2.0,-2.0,nodo,BARI CENTRALE
2025-09-30,REG,S11145,1,1,0,0,0,0,0,0,1,0,0,0,0,0,0,2,-2,-2.0,-2.0,-2.0,-2.0,nodo,LECCE
2025-09-30,REG,S11465,1,1,0,0,0,0,0,0,1,0,0,0,0,0,0,2,-2,-2.0,-2.0,-2.0,-2.0,nodo,TARANTO
2025-09-30,REG,S12301,1,1,0,0,0,0,0,0,1,0,0,0,0,0,0,5,-5,-5.0,-5.0,-5.0,-5.0,nodo,MESSINA CENTRALE
2025-09-30,REG,S12332,1,1,0,0,0,0,0,0,1,0,0,0,0,0,0,5,-5,-5.0,-5.0,-5.0,-5.0,nodo,CATANIA CENTRALE
2025-09-30,REG,S19919,1,1,0,0,0,0,0,0,1,0,0,0,0,0,0,1,-1,-1.0,-1.0,-1.0,-1.0,nodo,STABIO
2025-10-01,EC,S01003,12,12,0,0,0,0,2,5,5,5,4,2,0,0,73,27,46,3.833333333333333,2.25,15.75,18.375,nodo,DOMODOSSOLA
2025-10-01,EC,S01301,24,24,0,0,0,0,4,10,10,10,5,5,1,0,163,32,131,5.458333333333333,1.75,13.700000000000001,24.34999999999998,nodo,CHIASSO
2025-10-01,EC,S01700,28,28,0,0,0,0,6,9,13,9,7,5,0,0,132,54,78,2.7857142857142856,0.0,15.950000000000003,17.875,nodo,MILANO CENTRALE
2025-10-01,EC,S02001,12,12,0,0,0,0,3,5,4,5,3,3,1,0,122,10,112,9.333333333333334,6.25,23.5,28.0,nodo,BRENNERO
2025-10-01,EC,S02026,2,2,0,0,0,0,0,0,2,0,0,0,0,0,0,5,-5,-2.5,-2.5,-2.5,-2.5,nodo,BOLZANO
2025-10-01,EC,S02593,8,8,0,0,0,0,3,4,1,4,2,2,1,0,100,1,99,12.375,9.0,26.85,29.174999999999994,nodo,VENEZIA S.LUCIA
2025-10-01,EC,S04700,2,2,0,0,0,0,0,1,1,1,0,0,0,0,6,4,2,1.0,1.0,1.0,1.0,nodo,GENOVA PIAZZA PRINCIPE
2025-10-01,EC,S05043,6,6,0,0,0,0,0,5,1,5,2,2,1,0,94,3,91,15.166666666666666,12.0,28.400000000000002,30.45,nodo,BOLOGNA CENTRALE
2025-10-01,EC,S07113,2,2,0,0,0,0,0,1,1,1,1,1,0,0,26,2,24,12.0,12.0,12.0,12.0,nodo,ANCONA
2025-10-01,ECFR,S00201,2,2,0,0,0,0,1,1,0,1,0,0,0,0,9,0,9,4.5,4.5,6.5,6.75,nodo,MODANE
2025-10-01,ECFR,S01700,2,2,0,0,0,0,1,1,0,1,0,0,0,0,9,0,9,4.5,4.5,6.5,6.75,nodo,MILANO CENTRALE
2025-10-01,EN,S01645,1,1,0,0,0,0,1,0,0,0,0,0,0,0,3,0,3,3.0,3.0,3.0,3.0,nodo,MILANO PORTA GARIBALDI
2025-10-01,EN,S05043,1,1,0,0,0,0,1,0,0,0,0,0,0,0,3,0,3,3.0,3.0,3.0,3.0,nodo,BOLOGNA CENTRALE
2025-10-01,FA,S04700,5,5,0,0,0,0,1,3,1,3,2,2,2,0,107,1,106,18.0,22.0,30.0,31.0,nodo,GENOVA PIAZZA PRINCIPE
2025-10-01,FA,S05811,2,2,0,0,0,0,1,1,0,1,1,0,0,0,17,0,17,8.5,8.5,8.5,8.5,nodo,RAVENNA
2025-10-01,FA,S08409,20,20,0,0,0,0,5,11,4,11,8,6,5,1,317,17,300,14.383838383838384,4.5,46.2,52.6,nodo,ROMA TERMINI
2025-10-01,FA,S09311,2,2,0,0,0,0,0,2,0,2,1,1,1,0,40,0,40,20.0,20.0,20.0,20.0,nodo,BENEVENTO
2025-10-01,FA,S11119,2,2,0,0,0,0,0,1,1,1,1,1,0,0,15,1,14,7.0,7.0,7.0,7.0,nodo,BARI CENTRALE
2025-10-01,FA,S11145,5,5,0,0,0,0,3,1,1,1,1,1,1,1,89,7,82,13.416666666666666,-0.25,34.75000000000001,39.125,nodo,LECCE
2025-10-01,FA,S11781,4,4,0,0,0,0,0,3,1,3,2,1,1,0,49,8,41,10.25,10.25,19.650000000000002,20.825,nodo,REGGIO DI CALABRIA CENTRALE
2025-10-01,FB,S01700,2,2,0,0,0,0,0,2,0,2,2,2,1,0,60,0,60,30.0,30.0,30.0,30.0,nodo,MILANO CENTRALE
2025-10-01,FB,S04700,6,6,0,0,0,0,1,5,0,5,5,3,2,1,173,0,173,28.833333333333336,34.5,42.1,43.05,nodo,GENOVA PIAZZA PRINCIPE
2025-10-01,FB,S08409,8,8,0,0,0,0,1,7,0,7,7,5,3,1,233,0,233,29.125,27.25,49.050000000000004,51.52499999999999,nodo,ROMA TERMINI
2025-10-01,FR,S00219,45,45,0,0,0,0,12,28,5,28,20,18,9,4,851,14,837,18.524703557312254,8.0,43.900000000000006,56.22499999999999,nodo,TORINO PORTA NUOVA
2025-10-01,FR,S01700,120,120,0,0,0,0,26,74,20,74,50,34,21,1,1564,84,1480,12.287302028341205,6.5,37.2,43.749999999999986,nodo,MILANO CENTRALE
2025-10-01,FR,S01717,6,6,0,0,0,0,1,3,2,3,3,3,2,0,110,7,103,17.166666666666668,9.5,38.3,41.9,nodo,BRESCIA
2025-10-01,FR,S02026,14,14,0,0,0,0,1,10,3,10,9,6,3,1,305,5,300,21.42857142857143,12.5,49.000000000000014,61.74999999999997,nodo,BOLZANO
2025-10-01,FR,S02336,2,2,0,0,0,0,0,2,0,2,2,2,0,0,45,0,45,22.5,22.5,22.5,22.5,nodo,MANTOVA
2025-10-01,FR,S02593,60,60,0,0,0,0,15,38,7,38,22,15,9,2,866,21,845,14.195216907675196,8.0,38.3,49.84999999999999,nodo,VENEZIA S.LUCIA
2025-10-01,FR,S03026,4,4,0,0,0,0,1,3,0,3,0,0,0,0,26,0,26,6.5,6.5,8.1,8.3,nodo,UDINE
2025-10-01,FR,S03304,2,2,0,0,0,0,0,2,0,2,2,1,0,0,33,0,33,16.5,16.5,16.5,16.5,nodo,GORIZIA CENTRALE
2025-10-01,FR,S03317,9,9,0,0,0,0,1,6,2,6,4,2,0,0,84,7,77,8.55,5.25,20.450000000000003,22.724999999999998,nodo,TRIESTE CENTRALE
2025-10-01,FR,S04702,2,2,0,0,0,0,0,2,0,2,2,2,1,0,66,0,66,33.0,33.0,33.0,33.0,nodo,GENOVA BRIGNOLE
2025-10-01,FR,S06421,2,2,0,0,0,0,1,0,1,0,0,0,0,0,2,4,-2,-1.0,-1.0,1.4000000000000001,1.6999999999999997,nodo,FIRENZE SANTA MARIA NOVELLA
2025-10-01,FR,S07004,2,2,0,0,0,0,0,1,1,1,0,0,0,0,5,2,3,1.5,1.5,1.5,1.5,nodo,PERUGIA
2025-10-01,FR,S07113,4,4,0,0,0,0,2,2,0,2,1,1,0,0,39,0,39,9.75,9.75,15.15,15.825,nodo,ANCONA
2025-10-01,FR,S07810,4,4,0,0,0,0,1,2,1,2,1,0,0,0,24,8,16,4.0,4.0,8.8,9.399999999999999,nodo,PESCARA
2025-10-01,FR,S08409,63,63,0,0,0,0,13,35,15,35,29,23,11,1,882,58,824,13.123991935483872,6.25,37.45,49.074999999999996,nodo,ROMA TERMINI
2025-10-01,FR,S09218,60,60,0,0,0,0,11,40,9,40,28,24,12,3,1075,39,1036,17.296996662958843,10.5,44.1,54.69999999999997,nodo,NAPOLI CENTRALE
2025-10-01,FR,S09818,15,15,0,0,0,0,2,12,1,12,11,10,7,2,492,7,485,32.04464285714286,30.0,61.75,71.62499999999999,nodo,SALERNO
2025-10-01,FR,S09823,2,2,0,0,0,0,0,2,0,2,2,1,1,0,63,0,63,31.5,31.5,31.5,31.5,nodo,BATTIPAGLIA
2025-10-01,FR,S11100,2,2,0,0,0,0,0,1,1,1,1,1,1,0,30,8,22,11.0,11.0,11.0,11.0,nodo,FOGGIA
2025-10-01,FR,S11119,5,5,0,0,0,0,0,3,2,3,2,2,0,0,50,7,43,7.25,10.75,13.75,14.125,nodo,BARI CENTRALE
2025-10-01,FR,S11145,12,12,0,0,0,0,2,7,3,7,5,3,2,0,141,3,138,11.5,6.0,28.0,33.75,nodo,LECCE
2025-10-01,FR,S11465,2,2,0,0,0,0,0,2,0,2,2,2,2,0,87,0,87,43.5,43.5,43.5,43.5,nodo,TARANTO
2025-10-01,FR,S11781,9,9,0,0,0,0,1,5,3,5,4,4,2,1,197,14,183,19.175,9.25,47.6,50.3,nodo,REGGIO DI CALABRIA CENTRALE
2025-10-01,FR,S11811,2,2,0,0,0,0,0,2,0,2,2,2,1,1,127,0,127,63.5,63.5,63.5,63.5,nodo,SIBARI
2025-10-01,IC,S00219,6,6,0,0,0,0,4,2,0,2,2,2,2,2,150,0,150,25.0,3.0,56.2,62.849999999999994,nodo,TORINO PORTA NUOVA
2025-10-01,IC,S01645,1,1,0,0,0,0,1,0,0,0,0,0,0,0,4,0,4,4.0,4.0,4.0,4.0,nodo,MILANO PORTA GARIBALDI
2025-10-01,IC,S01700,39,39,0,0,0,0,12,21,6,21,12,7,2,0,348,27,321,8.253968253968253,5.25,22.250000000000007,33.675,nodo,MILANO CENTRALE
2025-10-01,IC,S02026,2,2,0,0,0,0,1,1,0,1,1,1,0,0,21,0,21,10.5,10.5,10.5,10.5,nodo,BOLZANO
2025-10-01,IC,S03317,4,4,0,0,0,0,1,1,2,1,1,1,1,0,43,5,38,9.5,9.5,17.5,18.5,nodo,TRIESTE CENTRALE
2025-10-01,IC,S04501,13,13,0,0,0,0,8,2,3,2,0,0,0,0,28,15,13,0.9761904761904763,2.5,4.15,4.574999999999999,nodo,VENTIMIGLIA
2025-10-01,IC,S04702,2,2,0,0,0,0,2,0,0,0,0,0,0,0,5,0,5,2.5,2.5,2.5,2.5,nodo,GENOVA BRIGNOLE
2025-10-01,IC,S04725,1,1,0,0,0,0,0,0,1,0,0,0,0,0,0,1,-1,-1.0,-1.0,-1.0,-1.0,nodo,SESTRI LEVANTE
2025-10-01,IC,S04801,2,2,0,0,0,0,2,0,0,0,0,0,0,0,6,0,6,3.0,3.0,3.0,3.0,nodo,SAVONA
2025-10-01,IC,S05043,5,5,0,0,0,0,0,3,2,3,2,1,1,0,59,4,55,9.75,5.75,21.549999999999997,23.525,nodo,BOLOGNA CENTRALE
2025-10-01,IC,S06000,3,3,0,0,0,0,1,2,0,2,2,1,0,0,41,0,41,13.75,13.75,18.75,19.375,nodo,LA SPEZIA CENTRALE
2025-10-01,IC,S06039,2,2,0,0,0,0,0,1,1,1,0,0,0,0,6,8,-2,-1.0,-1.0,-1.0,-1.0,nodo,GROSSETO
2025-10-01,IC,S06416,5,5,0,0,0,0,0,4,1,4,4,2,2,1,119,5,114,21.333333333333336,14.0,40.0,43.25,nodo,PRATO CENTRALE
2025-10-01,IC,S06421,2,2,0,0,0,0,0,0,2,0,0,0,0,0,0,21,-21,-10.5,-10.5,-10.5,-10.5,nodo,FIRENZE SANTA MARIA NOVELLA
2025-10-01,IC,S06725,10,10,0,0,0,0,2,8,0,8,5,4,2,0,177,0,177,17.7,11.0,34.4,36.199999999999996,nodo,LIVORNO CENTRALE
2025-10-01,IC,S07005,2,2,0,0,0,0,1,1,0,1,1,1,0,0,22,0,22,11.0,11.0,11.0,11.0,nodo,PERUGIA PONTE S.GIOVANNI
2025-10-01,IC,S07113,2,2,0,0,0,0,0,1,1,1,1,0,0,0,10,4,6,3.0,3.0,3.0,3.0,nodo,ANCONA
2025-10-01,IC,S07226,1,1,0,0,0,0,0,1,0,1,1,1,1,1,60,0,60,60.0,60.0,60.0,60.0,nodo,TERNI
2025-10-01,IC,S07513,2,2,0,0,0,0,1,0,1,0,0,0,0,0,2,1,1,0.5,0.5,0.5,0.5,nodo,S.BENEDETTO DEL TRONTO
2025-10-01,IC,S07810,2,2,0,0,0,0,0,2,0,2,1,1,0,0,30,0,30,15.0,15.0,15.0,15.0,nodo,PESCARA
2025-10-01,IC,S08409,32,32,0,0,0,0,8,15,9,15,9,6,3,1,343,47,296,9.25,3.5,23.75,36.0,nodo,ROMA TERMINI
2025-10-01,IC,S09006,1,1,0,0,0,0,0,1,0,1,0,0,0,0,9,0,9,9.0,9.0,9.0,9.0,nodo,AVERSA
2025-10-01,IC,S09211,2,2,0,0,0,0,0,2,0,2,1,1,1,0,51,0,51,25.5,25.5,25.5,25.5,nodo,CASERTA
2025-10-01,IC,S09218,5,5,0,0,0,0,2,2,1,2,2,1,1,0,51,1,50,9.833333333333332,4.5,19.700000000000003,21.599999999999998,nodo,NAPOLI CENTRALE
2025-10-01,IC,S09818,4,4,0,0,0,0,0,4,0,4,3,2,2,2,161,0,161,52.833333333333336,46.0,64.8,67.15,nodo,SALERNO
2025-10-01,IC,S09823,2,2,0,0,0,0,1,1,0,1,0,0,0,0,7,0,7,3.5,3.5,3.5,3.5,nodo,BATTIPAGLIA
2025-10-01,IC,S11119,4,4,0,0,0,0,2,1,1,1,1,1,0,0,20,2,18,4.5,4.5,8.899999999999999,9.45,nodo,BARI CENTRALE
2025-10-01,IC,S11145,10,10,0,0,0,0,4,3,3,3,2,1,0,0,43,18,25,2.5,3.0,9.8,11.399999999999999,nodo,LECCE
2025-10-01,IC,S11774,2,2,0,0,0,0,1,0,1,0,0,0,0,0,0,2,-2,-1.0,-1.0,-1.0,-1.0,nodo,VILLA S.GIOVANNI
2025-10-01,IC,S11781,8,8,0,0,0,0,2,4,2,4,3,2,1,0,83,15,68,8.5,11.25,18.1,18.55,nodo,REGGIO DI CALABRIA CENTRALE
2025-10-01,IC,S12002,6,6,0,0,0,0,0,2,4,2,1,1,0,0,29,20,9,4.75,5.75,10.4,10.95,nodo,PALERMO CENTRALE
2025-10-01,IC,S12301,6,6,0,0,0,0,0,3,3,3,1,1,0,0,31,16,15,4.625,4.75,10.900000000000002,11.949999999999998,nodo,MESSINA CENTRALE
2025-10-01,IC,S12349,4,4,0,0,0,0,0,4,0,4,2,2,1,1,135,0,135,33.75,33.75,51.15,53.325,nodo,SIRACUSA
2025-10-01,ICN,S12002,4,4,0,0,0,0,1,0,3,0,0,0,0,0,4,15,-11,-4.5,-4.5,-2.5,-2.25,nodo,PALERMO CENTRALE
2025-10-01,ICN,S12301,4,4,0,0,0,0,1,0,3,0,0,0,0,0,4,15,-11,-4.5,-4.5,-2.5,-2.25,nodo,MESSINA CENTRALE
2025-10-01,MET,S09101,103,103,0,0,0,0,37,13,53,13,1,0,0,0,145,126,19,0.18042986425339366,-0.5,5.0,6.199999999999996,nodo,POZZUOLI SOLFATARA
2025-10-01,MET,S09103,129,129,0,0,0,0,55,16,58,16,5,2,1,0,270,164,106,0.8179086538461539,-0.5,4.800000000000001,5.899999999999999,nodo,NAPOLI CAMPI FLEGREI
2025-10-01,MET,S09110,4,4,0,0,0,0,1,1,2,1,0,0,0,0,10,6,4,1.0,1.0,4.2,4.6,nodo,NAPOLI GIANTURCO
2025-10-01,MET,S09211,15,15,0,0,0,0,4,3,8,3,1,1,1,0,72,22,50,3.0714285714285716,-0.5,11.599999999999996,21.299999999999983,nodo,CASERTA
2025-10-01,MET,S09213,7,7,0,0,0,0,3,3,1,3,1,0,0,0,28,3,25,3.6666666666666665,4.25,7.15,7.574999999999999,nodo,CANCELLO
2025-10-01,MET,S09800,131,131,0,0,0,0,54,15,62,15,1,0,0,0,185,148,37,0.2780885780885781,-0.5,4.75,5.5,nodo,NAPOLI S.GIOVANNI BARRA
2025-10-01,MET,S09804,65,65,0,0,0,0,26,7,32,7,3,1,0,0,110,97,13,0.17803030303030298,-1.0,4.4,6.4999999999999964,nodo,S.MARIA LA BRUNA
2025-10-01,MET,S09806,58,58,0,0,0,0,7,1,50,1,0,0,0,0,15,178,-163,-2.810344827586207,-3.5,-0.8000000000000007,0.5999999999999979,nodo,TORRE ANNUNZIATA CENTRALE
2025-10-01,MET,S09818,58,58,0,0,0,0,7,1,50,1,0,0,0,0,15,178,-163,-2.810344827586207,-3.5,-0.8000000000000007,0.5999999999999979,nodo,SALERNO
2025-10-01,REG,N00024,43,43,0,0,0,0,28,13,2,13,4,0,0,0,137,3,134,3.1689814814814814,2.0,8.200000000000001,10.549999999999999,nodo,VARESE NORD
2025-10-01,REG,N00025,3,3,0,0,0,0,0,3,0,3,1,0,0,0,24,0,24,7.25,7.25,7.45,7.475,nodo,VARESE CASBENO
2025-10-01,REG,N00041,1,1,0,0,0,0,0,1,0,1,1,0,0,0,14,0,14,14.0,14.0,14.0,14.0,nodo,GRANDATE - BRECCIA
2025-10-01,REG,N00055,35,35,0,0,0,0,21,7,7,7,1,0,0,0,87,9,78,2.2434640522875817,1.25,6.3500000000000005,7.6249999999999964,nodo,NOVARA NORD
2025-10-01,REG,N00066,4,4,0,0,0,0,4,0,0,0,0,0,0,0,4,0,4,1.0,1.0,1.4,1.45,nodo,MEDA
2025-10-01,REG,N00068,3,3,0,0,0,0,2,1,0,1,0,0,0,0,12,0,12,3.75,3.75,3.95,3.975,nodo,MARIANO COMENSE
2025-10-01,REG,N00074,14,14,0,0,0,0,3,11,0,11,5,4,1,0,145,0,145,10.357142857142858,7.0,21.5,23.749999999999993,nodo,ERBA
2025-10-01,REG,N00079,35,35,0,0,0,0,15,18,2,18,7,6,3,0,284,2,282,8.19078947368421,3.5,25.95,29.924999999999997,nodo,ASSO
2025-10-01,REG,N00210,27,27,0,0,0,0,21,4,2,4,3,1,0,0,69,7,62,2.258241758241758,0.5,8.050000000000008,11.699999999999996,nodo,ISEO
2025-10-01,REG,N00217,2,2,0,0,0,0,1,0,1,0,0,0,0,0,0,1,-1,-0.5,-0.5,-0.5,-0.5,nodo,PISOGNE
2025-10-01,REG,N00226,4,4,0,0,0,0,4,0,0,0,0,0,0,0,6,0,6,1.5,1.5,2.7,2.8499999999999996,nodo,BRENO
2025-10-01,REG,N00235,19,19,0,0,0,0,8,3,8,3,1,0,0,0,41,19,22,0.9944444444444442,1.5,2.449999999999999,4.224999999999996,nodo,EDOLO
2025-10-01,REG,S00016,2,2,0,0,0,0,2,0,0,0,0,0,0,0,4,0,4,2.0,2.0,2.0,2.0,nodo,BORGOMANERO
2025-10-01,REG,S00034,66,66,0,0,0,0,28,9,29,9,1,0,0,0,124,76,48,0.7272727272727272,0.0,5.4,6.699999999999996,nodo,MORTARA
2025-10-01,REG,S00039,1,1,0,0,0,0,1,0,0,0,0,0,0,0,1,0,1,1.0,1.0,1.0,1.0,nodo,TORREBERETTI
2025-10-01,REG,S00041,5,5,0,0,0,0,2,3,0,3,2,0,0,0,40,0,40,7.0,8.0,8.4,8.45,nodo,VALENZA
2025-10-01,REG,S00070,66,66,0,0,0,0,36,10,20,10,2,0,0,0,139,36,103,1.5606060606060608,1.0,4.5,5.899999999999999,nodo,BIELLA S.PAOLO
2025-10-01,REG,S00088,32,32,0,0,0,0,15,1,16,1,0,0,0,0,31,32,-1,-0.03125,-0.5,3.25,4.0,nodo,TORINO AEROPORTO DI CASELLE
2025-10-01,REG,S00090,40,40,0,0,0,0,22,4,14,4,1,1,0,0,83,25,58,1.4500000000000002,1.0,4.200000000000003,6.375000000000005,nodo,CIRIE\'
2025-10-01,REG,S00096,26,26,0,0,0,0,13,3,10,3,0,0,0,0,33,28,5,0.1923076923076923,-0.5,3.3000000000000007,4.4999999999999964,nodo,GERMAGNANO
2025-10-01,REG,S00154,54,54,0,0,0,0,20,6,28,6,2,2,2,0,134,72,62,1.1481481481481481,-0.5,4.900000000000002,15.29999999999999,nodo,IVREA
2025-10-01,REG,S00202,31,31,0,0,0,0,11,0,20,0,0,0,0,0,18,52,-34,-1.1020833333333333,-1.25,1.8499999999999996,2.75,nodo,BARDONECCHIA
2025-10-01,REG,S00205,4,4,0,0,0,0,1,0,3,0,0,0,0,0,0,15,-15,-3.75,-3.75,-2.3499999999999996,-2.175,nodo,SALBERTRAND
2025-10-01,REG,S00208,4,4,0,0,0,0,1,0,3,0,0,0,0,0,0,6,-6,-1.5,-1.5,-0.7,-0.6000000000000001,nodo,BUSSOLENO
2025-10-01,REG,S00219,232,232,0,0,0,0,87,29,116,29,9,4,1,0,434,336,98,0.4110954116159738,-0.5,5.0,7.599999999999994,nodo,TORINO PORTA NUOVA
2025-10-01,REG,S00228,12,12,0,0,0,0,7,4,1,4,1,1,0,0,41,1,40,3.057142857142857,1.5,7.100000000000002,9.299999999999995,nodo,TORINO STURA
2025-10-01,REG,S00232,89,89,0,0,0,0,46,23,20,23,4,1,0,0,261,56,205,2.3073232323232324,2.0,6.800000000000001,7.899999999999999,nodo,CHIVASSO
2025-10-01,REG,S00240,30,30,0,0,0,0,19,2,9,2,0,0,0,0,55,15,40,1.3333333333333333,1.0,4.1,4.6499999999999995,nodo,SANTHIA\'
2025-10-01,REG,S00245,28,28,0,0,0,0,19,8,1,8,1,0,0,0,95,1,94,3.357142857142857,2.25,7.550000000000002,9.049999999999999,nodo,VERCELLI
2025-10-01,REG,S00248,182,182,0,0,0,0,89,33,60,33,11,1,1,0,441,137,304,1.6778985507246378,1.0,6.0,9.774999999999999,nodo,NOVARA
2025-10-01,REG,S00260,35,35,0,0,0,0,13,0,22,0,0,0,0,0,20,50,-30,-0.869281045751634,-1.0,1.8500000000000005,2.5749999999999993,nodo,SUSA
2025-10-01,REG,S00314,14,14,0,0,0,0,3,0,11,0,0,0,0,0,5,34,-29,-2.0714285714285716,-3.0,0.8000000000000007,1.3999999999999986,nodo,CASALE MONFERRATO
2025-10-01,REG,S00452,26,26,0,0,0,0,17,5,4,5,0,0,0,0,54,9,45,1.66969696969697,1.5,5.0,5.0,nodo,TORINO LINGOTTO
2025-10-01,REG,S00455,2,2,0,0,0,0,0,1,1,1,1,1,0,0,18,1,17,8.5,8.5,8.5,8.5,nodo,TROFARELLO
2025-10-01,REG,S00462,79,79,0,0,0,0,46,7,26,7,1,1,0,0,153,48,105,1.3209242618741976,1.0,5.0,5.0,nodo,ASTI
2025-10-01,REG,S00470,132,132,0,0,0,0,60,33,39,33,14,7,1,0,459,93,366,2.7727272727272725,1.75,9.0,15.0,nodo,ALESSANDRIA
2025-10-01,REG,S00500,58,58,0,0,0,0,41,6,11,6,1,0,0,0,94,23,71,1.2241379310344829,1.0,3.799999999999999,5.0,nodo,CHIERI
2025-10-01,REG,S00517,44,44,0,0,0,0,22,15,7,15,3,1,0,0,163,19,144,3.2727272727272725,2.75,6.900000000000002,8.424999999999999,nodo,PINEROLO
2025-10-01,REG,S00606,69,69,0,0,0,0,28,11,30,11,2,1,0,0,137,77,60,0.8609243697478991,0.75,3.8000000000000007,6.149999999999995,nodo,FOSSANO
2025-10-01,REG,S00610,31,31,0,0,0,0,14,3,14,3,2,1,0,0,64,37,27,0.89375,-0.5,4.55,8.624999999999995,nodo,CUNEO
2025-10-01,REG,S00617,17,17,0,0,0,0,1,1,15,1,1,0,0,0,14,48,-34,-2.0625,-3.5,0.30000000000000115,3.649999999999997,nodo,LIMONE
2025-10-01,REG,S00821,2,2,0,0,0,0,1,0,1,0,0,0,0,0,0,1,-1,-0.5,-0.5,-0.5,-0.5,nodo,BRA
2025-10-01,REG,S00825,44,44,0,0,0,0,25,3,16,3,0,0,0,0,54,39,15,0.34090909090909094,-0.5,3.900000000000002,4.475,nodo,ALBA
2025-10-01,REG,S00867,54,54,0,0,0,0,36,15,3,15,4,1,0,0,220,6,214,3.962962962962963,2.5,7.200000000000001,10.999999999999996,nodo,ACQUI TERME
2025-10-01,REG,S00884,54,54,0,0,0,0,38,5,11,5,1,0,0,0,85,23,62,1.1481481481481484,1.0,3.900000000000002,4.85,nodo,RIVAROLO
2025-10-01,REG,S00952,16,16,0,0,0,0,0,5,11,5,4,3,2,0,123,38,85,5.3125,-2.75,23.199999999999996,33.34999999999999,nodo,MONDOVI`
2025-10-01,REG,S01003,46,46,0,0,0,0,20,13,13,13,6,1,0,0,146,37,109,2.369565217391304,1.0,9.3,11.749999999999996,nodo,DOMODOSSOLA
2025-10-01,REG,S01020,44,44,0,0,0,0,21,11,12,11,4,0,0,0,129,25,104,2.3643892339544514,1.5,8.8,9.95,nodo,ARONA
2025-10-01,REG,S01030,29,29,0,0,0,0,13,11,5,11,5,4,0,0,150,8,142,5.107843137254902,3.5,12.8,14.774999999999997,nodo,GALLARATE
2025-10-01,REG,S01031,5,5,0,0,0,0,4,0,1,0,0,0,0,0,12,1,11,1.75,2.25,2.5,2.5,nodo,BUSTO ARSIZIO
2025-10-01,REG,S01037,29,29,0,0,0,0,13,5,11,5,2,2,0,0,87,19,68,2.333333333333333,1.25,6.6000000000000005,11.199999999999992,nodo,RHO
2025-10-01,REG,S01059,58,58,0,0,0,0,36,14,8,14,6,2,1,0,216,16,200,3.5173237753882916,1.5,9.100000000000003,13.349999999999998,nodo,ALBAIRATE-VERMEZZO
2025-10-01,REG,S01061,1,1,0,0,0,0,0,0,1,0,0,0,0,0,0,2,-2,-2.0,-2.0,-2.0,-2.0,nodo,VIGEVANO
2025-10-01,REG,S01066,428,428,0,0,0,0,236,123,69,123,31,15,4,0,1486,114,1372,3.224696223316913,1.5,8.0,11.449999999999989,nodo,MILANO CADORNA
2025-10-01,REG,S01067,1,1,0,0,0,0,1,0,0,0,0,0,0,0,0,0,0,0.0,0.0,0.0,0.0,nodo,MILANO DOMODOSSOLA
2025-10-01,REG,S01070,2,2,0,0,0,0,2,0,0,0,0,0,0,0,2,0,2,1.0,1.0,1.0,1.0,nodo,NOVATE MILANESE
2025-10-01,REG,S01074,45,45,0,0,0,0,24,17,4,17,8,2,0,0,204,6,198,4.397233201581027,2.75,11.900000000000002,12.95,nodo,GARBAGNATE MILANESE
2025-10-01,REG,S01078,2,2,0,0,0,0,0,2,0,2,2,1,0,0,35,0,35,17.5,17.5,21.9,22.45,nodo,MILANO AFFORI
2025-10-01,REG,S01113,31,31,0,0,0,0,10,15,6,15,9,7,0,0,228,7,221,7.189583333333333,5.0,15.899999999999999,19.799999999999997,nodo,LUINO
2025-10-01,REG,S01137,14,14,0,0,0,0,9,2,3,2,2,1,0,0,46,3,43,3.104166666666667,1.75,7.049999999999999,11.024999999999995,nodo,BUSTO ARSIZIO NORD
2025-10-01,REG,S01139,59,59,0,0,0,0,32,6,21,6,1,1,0,0,79,30,49,0.8362068965517241,0.0,4.050000000000001,5.999999999999995,nodo,MALPENSA AEROPORTO TERMINAL 1
2025-10-01,REG,S01146,85,85,0,0,0,0,47,27,11,27,14,6,0,0,344,16,328,3.857419712070875,2.0,12.300000000000004,13.899999999999999,nodo,MALPENSA AEROPORTO TERMINAL 2
2025-10-01,REG,S01200,34,34,0,0,0,0,15,15,4,15,12,9,6,1,438,8,430,12.647058823529413,4.0,35.2,47.59999999999998,nodo,PORTO CERESIO
2025-10-01,REG,S01205,102,102,0,0,0,0,43,25,34,25,7,3,0,0,291,76,215,2.086923076923077,0.75,8.95,10.274999999999999,nodo,VARESE
2025-10-01,REG,S01301,99,99,0,0,0,0,36,14,49,14,5,1,0,0,191,118,73,0.7469362745098039,-0.5,6.650000000000002,9.075,nodo,CHIASSO
2025-10-01,REG,S01307,110,110,0,0,0,0,56,13,41,13,3,2,0,0,199,81,118,1.0727272727272728,1.0,4.800000000000001,6.749999999999993,nodo,COMO S.GIOVANNI
2025-10-01,REG,S01308,1,1,0,0,0,0,1,0,0,0,0,0,0,0,1,0,1,1.0,1.0,1.0,1.0,nodo,COMO CAMERLATA
2025-10-01,REG,S01315,2,2,0,0,0,0,0,1,1,1,1,1,1,0,33,3,30,15.0,15.0,15.0,15.0,nodo,CARIMATE
2025-10-01,REG,S01316,65,65,0,0,0,0,29,17,19,17,4,0,0,0,166,45,121,1.8224431818181817,0.5,4.9,7.299999999999997,nodo,CAMNAGO-LENTATE
2025-10-01,REG,S01318,1,1,0,0,0,0,1,0,0,0,0,0,0,0,1,0,1,1.0,1.0,1.0,1.0,nodo,SEREGNO
2025-10-01,REG,S01322,6,6,0,0,0,0,2,3,1,3,1,1,1,1,82,1,81,13.5,2.5,31.3,34.9,nodo,MONZA
2025-10-01,REG,S01326,92,92,0,0,0,0,51,26,15,26,11,4,3,1,397,22,375,4.060283687943262,2.5,9.399999999999999,18.39999999999997,nodo,MILANO GRECO PIRELLI
2025-10-01,REG,S01400,30,30,0,0,0,0,24,6,0,6,0,0,0,0,81,0,81,2.7,2.5,5.3,5.6499999999999995,nodo,CHIAVENNA
2025-10-01,REG,S01415,46,46,0,0,0,0,14,10,22,10,8,4,3,0,238,98,140,2.9469696969696972,-1.5,11.200000000000003,31.899999999999963,nodo,MANDELLO DEL LARIO
2025-10-01,REG,S01420,46,46,0,0,0,0,34,7,5,7,1,1,1,0,125,16,109,2.3257575757575757,1.5,5.300000000000001,5.5,nodo,COLICO
2025-10-01,REG,S01430,24,24,0,0,0,0,8,3,13,3,3,2,1,0,86,64,22,1.1538461538461537,-2.5,14.4,18.65,nodo,SONDRIO
2025-10-01,REG,S01440,30,30,0,0,0,0,8,6,16,6,4,1,1,0,112,64,48,1.9330357142857144,-1.0,6.6000000000000005,14.274999999999995,nodo,TIRANO
2025-10-01,REG,S01458,18,18,0,0,0,0,9,3,6,3,0,0,0,0,24,7,17,0.9125,0.25,3.5999999999999996,4.299999999999999,nodo,MOLTENO
2025-10-01,REG,S01488,2,2,0,0,0,0,0,0,2,0,0,0,0,0,0,4,-4,-2.0,-2.0,-2.0,-2.0,nodo,BESANA
2025-10-01,REG,S01520,162,162,0,0,0,0,78,34,50,34,7,1,1,0,393,92,301,1.8849321335976819,1.0,6.100000000000001,9.049999999999997,nodo,LECCO
2025-10-01,REG,S01524,2,2,0,0,0,0,0,2,0,2,1,1,0,0,34,0,34,17.0,17.0,17.0,17.0,nodo,CALOLZIOCORTE OLGINATE
2025-10-01,REG,S01528,74,74,0,0,0,0,27,24,23,24,12,4,0,0,300,38,262,3.5405405405405403,2.5,10.299999999999997,13.199999999999996,nodo,PONTE S.PIETRO
2025-10-01,REG,S01529,127,127,0,0,0,0,65,29,33,29,10,6,1,0,402,54,348,2.742311507936508,1.5,7.0,11.72499999999999,nodo,BERGAMO
2025-10-01,REG,S01600,2,2,0,0,0,0,0,2,0,2,2,1,0,0,31,0,31,15.5,15.5,15.5,15.5,nodo,VERDELLO DALMINE
2025-10-01,REG,S01630,2,2,0,0,0,0,0,2,0,2,2,2,0,0,39,0,39,19.5,19.5,21.5,21.75,nodo,MILANO S.CRISTOFORO
2025-10-01,REG,S01631,47,47,0,0,0,0,21,9,17,9,3,2,0,0,130,40,90,1.9139492753623188,1.0,6.75,11.699999999999989,nodo,MILANO PORTA GENOVA
2025-10-01,REG,S01640,7,7,0,0,0,0,4,2,1,2,1,1,0,0,32,4,28,2.65,1.25,7.250000000000001,8.624999999999998,nodo,MILANO CERTOSA
2025-10-01,REG,S01642,96,96,0,0,0,0,29,23,44,23,9,3,1,0,293,78,215,2.239583333333333,0.25,8.150000000000002,12.299999999999997,nodo,MILANO BOVISA POLITECNICO
2025-10-01,REG,S01645,330,330,0,0,0,0,132,113,85,113,53,31,11,3,1831,184,1647,4.994250762279123,2.0,13.600000000000009,22.85000000000001,nodo,MILANO PORTA GARIBALDI
2025-10-01,REG,S01700,338,338,0,0,0,0,141,116,81,116,57,23,1,0,1471,165,1306,3.855550883095038,2.25,12.5,15.0,nodo,MILANO CENTRALE
2025-10-01,REG,S01701,4,4,0,0,0,0,1,1,2,1,1,1,1,0,62,3,59,14.75,14.75,27.75,29.375,nodo,MILANO LAMBRATE
2025-10-01,REG,S01703,43,43,0,0,0,0,25,9,9,9,3,0,0,0,128,13,115,2.707792207792208,2.5,7.950000000000001,8.5,nodo,PIOLTELLO LIMITO
2025-10-01,REG,S01708,149,149,0,0,0,0,65,29,55,29,5,0,0,0,315,126,189,1.285328046142754,1.0,6.75,8.699999999999996,nodo,TREVIGLIO
2025-10-01,REG,S01717,191,191,0,0,0,0,98,42,51,42,16,8,2,0,590,120,470,2.431972789115646,1.5,8.0,12.199999999999996,nodo,BRESCIA
2025-10-01,REG,S01747,37,37,0,0,0,0,22,8,7,8,2,2,0,0,110,12,98,2.6608187134502925,0.75,5.85,8.949999999999969,nodo,LAVENO MOMBELLO LAGO
2025-10-01,REG,S01763,3,3,0,0,0,0,2,1,0,1,0,0,0,0,7,0,7,1.75,1.75,3.15,3.3249999999999997,nodo,COMO CAMERLATA (FNM)
2025-10-01,REG,S01765,57,57,0,0,0,0,37,13,7,13,3,2,0,0,188,9,179,3.1330049261083746,2.5,6.4,9.124999999999996,nodo,COMO LAGO
2025-10-01,REG,S01807,37,37,0,0,0,0,19,10,8,10,3,1,0,0,127,12,115,3.105263157894737,2.0,7.050000000000001,10.924999999999981,nodo,VOGHERA
2025-10-01,REG,S01810,2,2,0,0,0,0,1,1,0,1,0,0,0,0,7,0,7,3.5,3.5,3.5,3.5,nodo,TORTONA
2025-10-01,REG,S01820,66,66,0,0,0,0,39,20,7,20,6,4,0,0,269,9,260,3.9393939393939394,2.5,8.700000000000001,12.99999999999999,nodo,MILANO ROGOREDO
2025-10-01,REG,S01822,60,60,0,0,0,0,13,14,33,14,4,0,0,0,132,55,77,1.2833333333333334,0.25,6.100000000000001,8.099999999999994,nodo,MELEGNANO
2025-10-01,REG,S01825,68,68,0,0,0,0,31,21,16,21,6,1,0,0,217,27,190,2.7941176470588234,2.0,8.049999999999999,10.199999999999996,nodo,LODI
2025-10-01,REG,S01828,29,29,0,0,0,0,9,9,11,9,6,0,0,0,106,25,81,2.854761904761905,0.75,11.0,12.099999999999998,nodo,CODOGNO
2025-10-01,REG,S01860,151,151,0,0,0,0,73,49,29,49,22,7,1,0,637,60,577,3.819210526315789,2.5,12.550000000000004,14.125,nodo,PAVIA
2025-10-01,REG,S01864,1,1,0,0,0,0,1,0,0,0,0,0,0,0,1,0,1,1.0,1.0,1.0,1.0,nodo,BELGIOIOSO
2025-10-01,REG,S01865,1,1,0,0,0,0,1,0,0,0,0,0,0,0,1,0,1,1.0,1.0,1.0,1.0,nodo,CORTEOLONA
2025-10-01,REG,S01915,110,110,0,0,0,0,46,26,38,26,8,4,1,0,356,74,282,2.5636363636363635,1.0,8.100000000000001,11.299999999999997,nodo,CREMONA
2025-10-01,REG,S01919,5,5,0,0,0,0,1,3,1,3,2,1,0,0,44,1,43,9.5,9.5,16.3,17.15,nodo,PIADENA
2025-10-01,REG,S01920,28,28,0,0,0,0,9,11,8,11,8,3,0,0,150,10,140,5.0,2.25,13.750000000000004,16.074999999999996,nodo,BOZZOLO
2025-10-01,REG,S01925,54,54,0,0,0,0,37,12,5,12,1,1,0,0,171,6,165,3.0494505494505493,3.0,6.75,8.024999999999999,nodo,SEVESO
2025-10-01,REG,S01933,181,181,0,0,0,0,103,62,16,62,15,6,1,0,711,25,686,3.8107116654438737,2.5,8.700000000000003,11.024999999999999,nodo,SARONNO
2025-10-01,REG,S01945,18,18,0,0,0,0,10,6,2,6,2,1,1,0,93,2,91,5.055555555555555,3.5,10.200000000000003,15.599999999999994,nodo,STRADELLA
2025-10-01,REG,S02001,38,38,0,0,0,0,12,11,15,11,4,2,0,0,145,37,108,2.8421052631578947,1.5,9.199999999999998,12.999999999999979,nodo,BRENNERO
2025-10-01,REG,S02011,7,7,0,0,0,0,3,1,3,1,0,0,0,0,14,7,7,0.9166666666666666,0.5,4.4,4.949999999999999,nodo,FORTEZZA
2025-10-01,REG,S02026,91,91,0,0,0,0,25,19,47,19,8,4,1,0,253,176,77,0.8536231884057972,-1.0,8.5,11.899999999999991,nodo,BOLZANO
2025-10-01,REG,S02038,23,23,0,0,0,0,5,5,13,5,1,0,0,0,43,34,9,0.38636363636363635,-1.0,5.45,7.0,nodo,TRENTO
2025-10-01,REG,S02044,10,10,0,0,0,0,2,2,6,2,0,0,0,0,12,17,-5,-0.5,-2.0,3.4000000000000004,4.199999999999999,nodo,ROVERETO
2025-10-01,REG,S02049,18,18,0,0,0,0,2,2,14,2,0,0,0,0,21,46,-25,-1.3888888888888888,-2.5,4.200000000000001,5.599999999999999,nodo,ALA
2025-10-01,REG,S02140,30,30,0,0,0,0,8,2,20,2,2,2,0,0,55,58,-3,-0.1964285714285714,-1.5,1.450000000000001,7.599999999999997,nodo,SCHIO
2025-10-01,REG,S02143,4,4,0,0,0,0,1,1,2,1,0,0,0,0,9,2,7,1.75,1.75,2.75,2.875,nodo,THIENE
2025-10-01,REG,S02216,48,48,0,0,0,0,23,13,12,13,2,0,0,0,156,26,130,2.7083333333333335,2.0,6.699999999999999,8.274999999999997,nodo,MERANO
2025-10-01,REG,S02314,8,8,0,0,0,0,6,0,2,0,0,0,0,0,12,3,9,1.125,1.25,2.85,2.925,nodo,BORGO VALSUGANA EST
2025-10-01,REG,S02336,74,74,0,0,0,0,35,8,31,8,1,0,0,0,114,72,42,0.5675675675675675,0.5,4.199999999999999,4.799999999999994,nodo,MANTOVA
2025-10-01,REG,S02340,12,12,0,0,0,0,4,1,7,1,1,0,0,0,15,18,-3,-0.25,-0.25,3.25,4.375,nodo,SUZZARA
2025-10-01,REG,S02349,28,28,0,0,0,0,3,0,25,0,0,0,0,0,3,67,-64,-2.2857142857142856,-2.75,-0.6499999999999995,0.1999999999999993,nodo,CARPI
2025-10-01,REG,S02366,13,13,0,0,0,0,8,3,2,3,1,0,0,0,42,7,35,2.678571428571429,2.5,6.800000000000001,7.899999999999999,nodo,LEGNAGO
2025-10-01,REG,S02430,198,198,0,0,0,0,90,32,76,32,15,9,1,0,570,316,254,1.2828282828282829,1.0,6.5,12.399999999999977,nodo,VERONA PORTA NUOVA
2025-10-01,REG,S02446,84,84,0,0,0,0,26,9,49,9,4,2,0,0,144,126,18,0.20419739081111743,-1.0,4.5,8.199999999999996,nodo,VICENZA
2025-10-01,REG,S02520,98,98,0,0,0,0,52,13,33,13,3,2,0,0,212,60,152,1.5510204081632653,1.0,4.600000000000001,6.499999999999986,nodo,BASSANO DEL GRAPPA
2025-10-01,REG,S02537,4,4,0,0,0,0,3,0,1,0,0,0,0,0,3,2,1,0.25,0.25,0.8500000000000001,0.9249999999999999,nodo,CASTELFRANCO VENETO
2025-10-01,REG,S02559,28,28,0,0,0,0,11,2,15,2,0,0,0,0,28,31,-3,-0.1071428571428571,-0.5,2.700000000000001,3.3499999999999996,nodo,BELLUNO
2025-10-01,REG,S02570,28,28,0,0,0,0,16,1,11,1,0,0,0,0,31,21,10,0.35714285714285715,0.25,2.700000000000001,3.3499999999999996,nodo,MONTEBELLUNA
2025-10-01,REG,S02581,97,97,0,0,0,0,44,4,49,4,1,0,0,0,84,107,-23,-0.2342687074829932,-0.5,2.150000000000002,2.8249999999999993,nodo,PADOVA
2025-10-01,REG,S02589,24,24,0,0,0,0,7,4,13,4,3,2,1,0,103,43,60,2.3916083916083917,-1.5,5.800000000000001,19.999999999999968,nodo,VENEZIA MESTRE
2025-10-01,REG,S02593,380,380,0,0,0,0,188,71,121,71,26,16,4,0,1187,375,812,2.139369926020337,1.0,7.5,13.399999999999977,nodo,VENEZIA S.LUCIA
2025-10-01,REG,S02661,2,2,0,0,0,0,1,1,0,1,0,0,0,0,13,0,13,6.5,6.5,6.5,6.5,nodo,CORDOVADO SESTO
2025-10-01,REG,S02666,2,2,0,0,0,0,0,2,0,2,1,1,1,0,62,0,62,31.0,31.0,31.0,31.0,nodo,S.DONA\' DI PIAVE-JESOLO
2025-10-01,REG,S02703,29,29,0,0,0,0,11,3,15,3,1,0,0,0,58,35,23,0.7642857142857143,0.0,4.75,7.374999999999997,nodo,SACILE
2025-10-01,REG,S02706,31,31,0,0,0,0,23,1,7,1,0,0,0,0,49,14,35,1.2058823529411764,1.5,3.5,3.8499999999999996,nodo,CONEGLIANO
2025-10-01,REG,S02712,118,118,0,0,0,0,61,6,51,6,1,0,0,0,125,107,18,0.15254237288135594,0.0,3.0,4.099999999999994,nodo,TREVISO CENTRALE
2025-10-01,REG,S02830,24,24,0,0,0,0,18,5,1,5,0,0,0,0,67,1,66,2.75,2.25,5.800000000000001,6.674999999999999,nodo,CASARSA
2025-10-01,REG,S03015,6,6,0,0,0,0,1,2,3,2,2,2,2,0,66,8,58,9.666666666666666,13.5,17.1,17.55,nodo,TARVISIO BOSCOVERDE
2025-10-01,REG,S03016,14,14,0,0,0,0,6,2,6,2,0,0,0,0,21,12,9,0.6428571428571429,0.5,4.2,4.35,nodo,CARNIA
2025-10-01,REG,S03026,68,68,0,0,0,0,28,9,31,9,6,4,0,0,160,87,73,1.1,0.5,7.800000000000001,11.199999999999996,nodo,UDINE
2025-10-01,REG,S03084,14,14,0,0,0,0,6,0,8,0,0,0,0,0,17,18,-1,-0.07142857142857145,0.5,2.500000000000001,3.2499999999999982,nodo,MANIAGO
2025-10-01,REG,S03200,97,97,0,0,0,0,58,14,25,14,5,4,3,0,327,57,270,2.806595744680851,1.0,6.25,11.42499999999998,nodo,PORTOGRUARO CAORLE
2025-10-01,REG,S03304,2,2,0,0,0,0,1,0,1,0,0,0,0,0,2,1,1,0.5,0.5,0.5,0.5,nodo,GORIZIA CENTRALE
2025-10-01,REG,S03310,1,1,0,0,0,0,1,0,0,0,0,0,0,0,0,0,0,0.0,0.0,0.0,0.0,nodo,MONFALCONE
2025-10-01,REG,S03317,108,108,0,0,0,0,36,22,50,22,9,7,3,0,323,122,201,1.8588336192109778,0.5,6.0,16.649999999999977,nodo,TRIESTE CENTRALE
2025-10-01,REG,S03466,4,4,0,0,0,0,1,2,1,2,1,1,0,0,34,4,30,7.5,7.5,14.3,15.15,nodo,VILLA OPICINA
2025-10-01,REG,S04203,12,12,0,0,0,0,8,1,3,1,1,1,0,0,33,4,29,2.2714285714285714,1.0,6.400000000000002,8.449999999999996,nodo,NOVI LIGURE
2025-10-01,REG,S04207,40,40,0,0,0,0,8,4,28,4,1,1,0,0,55,155,-100,-2.5,-3.5,4.150000000000002,5.850000000000005,nodo,ARQUATA SCRIVIA
2025-10-01,REG,S04215,24,24,0,0,0,0,4,1,19,1,0,0,0,0,5,106,-101,-4.208333333333333,-4.5,-2.0,0.024999999999996803,nodo,BUSALLA
2025-10-01,REG,S04220,1,1,0,0,0,0,0,0,1,0,0,0,0,0,0,5,-5,-5.0,-5.0,-5.0,-5.0,nodo,GENOVA SAMPIERDARENA
2025-10-01,REG,S04501,51,51,0,0,0,0,23,10,18,10,3,1,0,0,119,42,77,1.4537037037037037,1.5,6.300000000000004,7.924999999999999,nodo,VENTIMIGLIA
2025-10-01,REG,S04515,1,1,0,0,0,0,1,0,0,0,0,0,0,0,3,0,3,3.0,3.0,3.0,3.0,nodo,ALASSIO
2025-10-01,REG,S04516,2,2,0,0,0,0,1,1,0,1,1,0,0,0,16,0,16,8.0,8.0,8.0,8.0,nodo,ALBENGA
2025-10-01,REG,S04523,2,2,0,0,0,0,1,0,1,0,0,0,0,0,1,3,-2,-1.0,-1.0,-1.0,-1.0,nodo,IMPERIA
2025-10-01,REG,S04534,53,53,0,0,0,0,19,12,22,12,7,1,0,0,156,46,110,2.0555555555555554,0.5,7.75,12.174999999999999,nodo,GENOVA VOLTRI
2025-10-01,REG,S04537,2,2,0,0,0,0,2,0,0,0,0,0,0,0,4,0,4,2.0,2.0,2.0,2.0,nodo,GENOVA SESTRI PONENTE AEROPORTO
2025-10-01,REG,S04700,24,24,0,0,0,0,8,5,11,5,3,2,1,0,90,67,23,0.9583333333333333,0.0,6.800000000000001,16.224999999999987,nodo,GENOVA PIAZZA PRINCIPE
2025-10-01,REG,S04702,159,159,0,0,0,0,50,35,74,35,13,5,1,1,468,364,104,0.6403133903133904,-0.25,8.0,11.724999999999987,nodo,GENOVA BRIGNOLE
2025-10-01,REG,S04707,43,43,0,0,0,0,18,9,16,9,7,1,0,0,135,32,103,2.4242424242424243,0.75,8.300000000000004,13.324999999999998,nodo,GENOVA NERVI
2025-10-01,REG,S04714,6,6,0,0,0,0,3,0,3,0,0,0,0,0,4,9,-5,-0.8333333333333335,-1.0,1.4000000000000004,1.6999999999999997,nodo,RECCO
2025-10-01,REG,S04725,75,75,0,0,0,0,14,11,50,11,3,1,0,0,106,179,-73,-0.9551920341394026,-2.0,4.6000000000000085,7.074999999999989,nodo,SESTRI LEVANTE
2025-10-01,REG,S04731,45,45,0,0,0,0,17,14,14,14,5,2,0,0,161,35,126,2.783596837944664,1.25,10.000000000000007,12.824999999999998,nodo,LEVANTO
2025-10-01,REG,S04732,2,2,0,0,0,0,1,1,0,1,1,0,0,0,15,0,15,7.5,7.5,7.5,7.5,nodo,MONTEROSSO
2025-10-01,REG,S04801,100,100,0,0,0,0,24,15,61,15,10,5,3,0,300,192,108,1.0712284913965586,-1.5,8.5,15.199999999999989,nodo,SAVONA
2025-10-01,REG,S04805,13,13,0,0,0,0,5,5,3,5,5,3,1,0,99,7,92,6.976190476190476,3.25,18.6,21.049999999999997,nodo,S.GIUSEPPE DI CAIRO
2025-10-01,REG,S05000,95,95,0,0,0,0,41,31,23,31,12,6,1,1,408,71,337,3.548537234042553,1.5,10.200000000000003,15.524999999999995,nodo,PIACENZA
2025-10-01,REG,S05009,55,55,0,0,0,0,34,4,17,4,0,0,0,0,34,30,4,0.07407407407407407,-0.25,1.5500000000000025,4.1999999999999975,nodo,FIDENZA
2025-10-01,REG,S05014,102,102,0,0,0,0,41,26,35,26,9,4,2,1,398,109,289,2.8226923076923076,1.25,8.95,12.29999999999998,nodo,PARMA
2025-10-01,REG,S05019,32,32,0,0,0,0,14,5,13,5,0,0,0,0,52,36,16,0.5,0.0,3.25,3.75,nodo,BOLOGNA ROVERI
2025-10-01,REG,S05023,48,48,0,0,0,0,23,20,5,20,2,1,0,0,180,12,168,3.5,2.75,6.5,7.349999999999998,nodo,REGGIO EMILIA
2025-10-01,REG,S05032,135,135,0,0,0,0,57,22,56,22,2,1,0,0,249,157,92,0.67328797190518,0.25,5.0,6.174999999999997,nodo,MODENA
2025-10-01,REG,S05043,357,357,0,0,0,0,116,84,157,84,28,16,2,0,1095,472,623,1.7451823488795428,0.5,8.150000000000006,13.049999999999997,nodo,BOLOGNA CENTRALE
2025-10-01,REG,S05054,47,47,0,0,0,0,21,10,16,10,0,0,0,0,101,47,54,1.2190909090909092,1.75,5.300000000000001,6.374999999999998,nodo,IMOLA
2025-10-01,REG,S05056,4,4,0,0,0,0,4,0,0,0,0,0,0,0,0,0,0,0.0,0.0,0.0,0.0,nodo,CASTELBOLOGNESE-RIOLO TERME
2025-10-01,REG,S05058,27,27,0,0,0,0,16,2,9,2,1,1,0,0,42,12,30,1.0961538461538463,0.0,3.8500000000000023,6.424999999999998,nodo,FAENZA
2025-10-01,REG,S05071,81,81,0,0,0,0,21,37,23,37,16,8,3,0,530,95,435,5.3375,3.5,12.250000000000004,29.525,nodo,RIMINI
2025-10-01,REG,S05090,48,48,0,0,0,0,38,0,10,0,0,0,0,0,16,12,4,0.08333333333333333,0.0,1.0,1.0,nodo,SALSOMAGGIORE TERME
2025-10-01,REG,S05105,18,18,0,0,0,0,13,1,4,1,0,0,0,0,36,6,30,1.6666666666666667,2.0,3.0000000000000004,3.999999999999999,nodo,MARZABOTTO
2025-10-01,REG,S05110,56,56,0,0,0,0,34,4,18,4,0,0,0,0,83,24,59,1.0535714285714286,0.75,3.6500000000000004,4.649999999999999,nodo,PORRETTA TERME
2025-10-01,REG,S05131,60,60,0,0,0,0,40,1,19,1,0,0,0,0,82,27,55,0.9166666666666667,1.0,3.0500000000000007,3.5,nodo,PIANORO
2025-10-01,REG,S05134,53,53,0,0,0,0,11,0,42,0,0,0,0,0,13,124,-111,-2.072649572649573,-2.5,0.1000000000000032,1.375,nodo,S.BENEDETTO SAMBRO-CASTIGLIONE PEPOLI
2025-10-01,REG,S05135,9,9,0,0,0,0,3,3,3,3,2,0,0,0,41,10,31,3.4,2.75,10.450000000000003,11.974999999999998,nodo,VERNIO MONTEPIANO CANTAGALLO
2025-10-01,REG,S05161,10,10,0,0,0,0,3,2,5,2,0,0,0,0,17,11,6,0.5999999999999999,1.0,3.2,3.5999999999999996,nodo,SERMIDE
2025-10-01,REG,S05180,42,42,0,0,0,0,27,12,3,12,1,1,0,0,138,3,135,3.225,3.0,6.0,6.525,nodo,SASSUOLO TERMINAL
2025-10-01,REG,S05183,1,1,0,0,0,0,0,0,1,0,0,0,0,0,0,1,-1,-1.0,-1.0,-1.0,-1.0,nodo,FORMIGINE
2025-10-01,REG,S05188,2,2,0,0,0,0,0,2,0,2,1,1,0,0,22,0,22,11.0,11.0,15.0,15.5,nodo,MODENA PIAZZA MANZONI
2025-10-01,REG,S05192,13,13,0,0,0,0,8,3,2,3,0,0,0,0,31,3,28,2.2857142857142856,2.25,4.45,4.725,nodo,REGGIO S.LAZZARO
2025-10-01,REG,S05194,17,17,0,0,0,0,6,11,0,11,1,1,0,0,88,0,88,5.215277777777778,5.0,8.2,9.599999999999998,nodo,SASSUOLO RADICI
2025-10-01,REG,S05308,41,41,0,0,0,0,8,3,30,3,2,0,0,0,45,94,-49,-1.1714285714285715,-2.0,5.050000000000001,6.075000000000001,nodo,POGGIO RUSCO
2025-10-01,REG,S05313,1,1,0,0,0,0,1,0,0,0,0,0,0,0,0,0,0,0.0,0.0,0.0,0.0,nodo,S.FELICE SUL PANARO
2025-10-01,REG,S05420,2,2,0,0,0,0,1,0,1,0,0,0,0,0,4,3,1,0.5,0.5,0.5,0.5,nodo,ADRIA
2025-10-01,REG,S05428,12,12,0,0,0,0,2,0,10,0,0,0,0,0,5,24,-19,-1.5833333333333333,-2.25,0.75,1.625,nodo,CHIOGGIA
2025-10-01,REG,S05703,19,19,0,0,0,0,13,1,5,1,0,0,0,0,41,5,36,1.9111111111111112,2.75,4.2,4.6,nodo,MONSELICE
2025-10-01,REG,S05706,64,64,0,0,0,0,23,6,35,6,4,1,0,0,116,99,17,0.265625,-1.0,3.950000000000001,9.174999999999999,nodo,ROVIGO
2025-10-01,REG,S05712,98,98,0,0,0,0,42,13,43,13,2,0,0,0,185,105,80,0.8220833333333334,0.5,4.550000000000001,6.049999999999997,nodo,FERRARA
2025-10-01,REG,S05722,8,8,0,0,0,0,2,3,3,3,0,0,0,0,20,7,13,1.625,1.5,4.950000000000001,5.474999999999999,nodo,S.PIETRO IN CASALE
2025-10-01,REG,S05799,17,17,0,0,0,0,12,2,3,2,0,0,0,0,48,6,42,2.5555555555555554,2.5,4.65,4.824999999999999,nodo,CODIGORO
2025-10-01,REG,S05802,32,32,0,0,0,0,14,5,13,5,0,0,0,0,52,36,16,0.5,0.0,3.25,3.75,nodo,PORTOMAGGIORE
2025-10-01,REG,S05811,60,60,0,0,0,0,33,14,13,14,6,2,1,0,197,28,169,2.872767857142857,1.5,9.000000000000004,12.174999999999995,nodo,RAVENNA
2025-10-01,REG,S05813,2,2,0,0,0,0,0,2,0,2,0,0,0,0,14,0,14,7.0,7.0,7.0,7.0,nodo,LIDO DI CLASSE-LIDO DI SAVIO
2025-10-01,REG,S05818,2,2,0,0,0,0,1,1,0,1,1,1,0,0,31,0,31,15.5,15.5,15.5,15.5,nodo,IGEA MARINA
2025-10-01,REG,S05921,21,21,0,0,0,0,10,8,3,8,1,0,0,0,72,9,63,3.0727272727272723,2.5,6.799999999999999,8.399999999999997,nodo,CIANO D\'ENZA
2025-10-01,REG,S05951,1,1,0,0,0,0,0,1,0,1,0,0,0,0,5,0,5,5.0,5.0,5.0,5.0,nodo,LUGO
2025-10-01,REG,S05960,23,23,0,0,0,0,15,4,4,4,0,0,0,0,51,6,45,1.9924242424242427,1.5,4.45,4.75,nodo,GUASTALLA
2025-10-01,REG,S06000,137,137,0,0,0,0,48,47,42,47,23,8,5,1,690,132,558,4.105650319829424,1.75,11.600000000000001,17.099999999999984,nodo,LA SPEZIA CENTRALE
2025-10-01,REG,S06004,34,34,0,0,0,0,14,9,11,9,4,1,0,0,113,25,88,2.548611111111111,1.25,8.600000000000001,12.625,nodo,LA SPEZIA MIGLIARINA
2025-10-01,REG,S06007,9,9,0,0,0,0,3,2,4,2,0,0,0,0,17,9,8,1.1,1.25,4.050000000000001,4.5249999999999995,nodo,SARZANA
2025-10-01,REG,S06013,22,22,0,0,0,0,9,3,10,3,1,1,1,1,95,20,75,3.409090909090909,-0.5,4.5,20.75,nodo,AULLA LUNIGIANA
2025-10-01,REG,S06026,1,1,0,0,0,0,1,0,0,0,0,0,0,0,2,0,2,2.0,2.0,2.0,2.0,nodo,CECINA
2025-10-01,REG,S06030,1,1,0,0,0,0,0,1,0,1,1,1,1,0,48,0,48,48.0,48.0,48.0,48.0,nodo,S.VINCENZO
2025-10-01,REG,S06031,11,11,0,0,0,0,5,1,5,1,1,1,0,0,29,7,22,2.0,0.75,5.700000000000004,8.849999999999993,nodo,CAMPIGLIA MARITTIMA
2025-10-01,REG,S06039,38,38,0,0,0,0,19,8,11,8,4,2,2,1,219,44,175,4.605263157894737,2.0,9.399999999999999,16.399999999999885,nodo,GROSSETO
2025-10-01,REG,S06040,50,50,0,0,0,0,33,8,9,8,4,4,0,0,178,16,162,3.2399999999999998,2.0,9.600000000000001,13.599999999999987,nodo,VIAREGGIO
2025-10-01,REG,S06161,10,10,0,0,0,0,2,7,1,7,2,1,0,0,70,1,69,6.9,6.5,11.2,12.1,nodo,BORGO VAL DI TARO
2025-10-01,REG,S06163,13,13,0,0,0,0,7,3,3,3,0,0,0,0,28,4,24,1.75,1.5,4.2,4.6,nodo,PONTREMOLI
2025-10-01,REG,S06227,3,3,0,0,0,0,0,0,3,0,0,0,0,0,0,7,-7,-2.25,-2.25,-2.05,-2.025,nodo,MINUCCIANO-PIEVE-CASOLA
2025-10-01,REG,S06325,16,16,0,0,0,0,4,2,10,2,1,1,1,0,48,16,32,1.8412698412698414,-1.0,6.200000000000004,13.849999999999993,nodo,PIAZZA AL SERCHIO
2025-10-01,REG,S06404,79,79,0,0,0,0,44,16,19,16,4,4,3,2,341,37,304,3.8449935815147622,2.5,6.0,12.0,nodo,LUCCA
2025-10-01,REG,S06411,13,13,0,0,0,0,6,2,5,2,1,1,0,0,34,5,29,2.2857142857142856,1.0,7.300000000000001,9.649999999999999,nodo,MONTECATINI TERME-MONSUMMANO
2025-10-01,REG,S06414,52,52,0,0,0,0,26,9,17,9,2,1,0,0,125,36,89,1.7115384615384617,0.75,6.0,9.125,nodo,PISTOIA
2025-10-01,REG,S06416,13,13,0,0,0,0,9,2,2,2,1,0,0,0,35,3,32,2.488095238095238,2.75,5.9,6.949999999999999,nodo,PRATO CENTRALE
2025-10-01,REG,S06419,14,14,0,0,0,0,10,1,3,1,1,1,0,0,33,3,30,2.142857142857143,1.0,5.600000000000002,7.549999999999995,nodo,FIRENZE CASTELLO
2025-10-01,REG,S06420,8,8,0,0,0,0,2,3,3,3,2,0,0,0,35,8,27,3.375,3.25,8.8,9.399999999999999,nodo,FIRENZE RIFREDI
2025-10-01,REG,S06421,371,371,0,0,0,0,156,89,126,89,51,37,13,2,1727,298,1429,3.8535745422842194,1.0,14.25,22.52499999999999,nodo,FIRENZE SANTA MARIA NOVELLA
2025-10-01,REG,S06500,162,162,0,0,0,0,75,38,49,38,21,14,12,3,953,122,831,5.12962962962963,1.0,12.0,43.0,nodo,PISA CENTRALE
2025-10-01,REG,S06506,12,12,0,0,0,0,7,2,3,2,0,0,0,0,24,5,19,1.5833333333333335,1.75,4.25,4.625,nodo,PONTEDERA CASCIANA TERME
2025-10-01,REG,S06510,49,49,0,0,0,0,26,3,20,3,1,1,0,0,65,45,20,0.4275,0.5,3.3499999999999996,4.299999999999997,nodo,EMPOLI
2025-10-01,REG,S06603,2,2,0,0,0,0,1,1,0,1,0,0,0,0,8,0,8,4.0,4.0,4.0,4.0,nodo,S.PIERO A SIEVE
2025-10-01,REG,S06604,61,61,0,0,0,0,29,7,25,7,4,3,1,0,158,64,94,1.5091397849462367,0.5,4.0,11.224999999999987,nodo,BORGO S.LORENZO
2025-10-01,REG,S06607,7,7,0,0,0,0,2,5,0,5,4,4,1,0,109,0,109,16.875,10.5,28.150000000000002,30.824999999999996,nodo,CRESPINO DEL LAMONE
2025-10-01,REG,S06610,12,12,0,0,0,0,3,0,9,0,0,0,0,0,2,12,-10,-0.8333333333333334,-1.0,0.25,0.625,nodo,MARRADI-PALAZZUOLO SUL SENIO
2025-10-01,REG,S06725,54,54,0,0,0,0,26,11,17,11,6,6,4,2,329,40,289,5.351851851851851,1.5,15.200000000000044,29.6,nodo,LIVORNO CENTRALE
2025-10-01,REG,S06775,1,1,0,0,0,0,1,0,0,0,0,0,0,0,0,0,0,0.0,0.0,0.0,0.0,nodo,PIOMBINO MARITTIMA
2025-10-01,REG,S06809,97,97,0,0,0,0,41,8,48,8,1,0,0,0,111,111,0,-0.0029761904761904934,-0.5,4.100000000000001,4.824999999999999,nodo,SIENA
2025-10-01,REG,S06874,15,15,0,0,0,0,4,2,9,2,1,0,0,0,23,19,4,0.29464285714285715,-0.5,3.999999999999999,6.749999999999996,nodo,BUONCONVENTO
2025-10-01,REG,S06900,18,18,0,0,0,0,9,4,5,4,1,0,0,0,45,14,31,1.525,1.0,5.6,6.799999999999997,nodo,FIRENZE CAMPO MARTE
2025-10-01,REG,S06904,12,12,0,0,0,0,6,2,4,2,1,1,1,0,51,8,43,3.0428571428571427,-0.5,10.800000000000006,16.649999999999988,nodo,PONTASSIEVE
2025-10-01,REG,S06910,20,20,0,0,0,0,7,5,8,5,0,0,0,0,49,19,30,1.5,1.0,5.299999999999999,6.649999999999997,nodo,MONTEVARCHI TERRANUOVA
2025-10-01,REG,S06915,44,44,0,0,0,0,19,11,14,11,7,5,2,0,220,40,180,4.0,1.5,14.3,22.449999999999992,nodo,AREZZO
2025-10-01,REG,S06922,18,18,0,0,0,0,9,3,6,3,2,2,0,0,66,15,51,2.833333333333333,1.5,7.700000000000003,14.099999999999994,nodo,TERONTOLA CORTONA
2025-10-01,REG,S06925,54,54,0,0,0,0,29,12,13,12,7,5,1,0,230,40,190,3.5013736263736264,2.25,11.700000000000001,16.874999999999996,nodo,CHIUSI-CHIANCIANO TERME
2025-10-01,REG,S07002,2,2,0,0,0,0,1,0,1,0,0,0,0,0,1,2,-1,-0.5,-0.5,-0.5,-0.5,nodo,MAGIONE
2025-10-01,REG,S07004,19,19,0,0,0,0,9,6,4,6,2,0,0,0,64,12,52,2.7111111111111112,2.25,8.45,9.724999999999998,nodo,PERUGIA
2025-10-01,REG,S07102,4,4,0,0,0,0,1,3,0,3,2,1,1,0,53,0,53,13.25,13.25,20.25,21.125,nodo,CATTOLICA S.GIOVANNI GABICCE
2025-10-01,REG,S07104,17,17,0,0,0,0,9,5,3,5,2,0,0,0,50,6,44,2.5625,1.0,7.450000000000001,9.724999999999998,nodo,PESARO
2025-10-01,REG,S07113,168,168,0,0,0,0,75,42,51,42,16,10,3,0,644,138,506,3.033465683494044,1.5,8.200000000000003,16.275000000000006,nodo,ANCONA
2025-10-01,REG,S07202,12,12,0,0,0,0,5,0,7,0,0,0,0,0,5,11,-6,-0.5,-1.0,1.25,1.625,nodo,JESI
2025-10-01,REG,S07204,4,4,0,0,0,0,3,1,0,1,0,0,0,0,10,0,10,2.5,2.5,3.7,3.85,nodo,CASTELPLANIO CUPRAMONTANA
2025-10-01,REG,S07208,41,41,0,0,0,0,19,12,10,12,7,5,1,0,248,22,226,5.479761904761904,3.5,11.950000000000006,21.625,nodo,FABRIANO
2025-10-01,REG,S07217,44,44,0,0,0,0,18,11,15,11,5,5,3,0,248,47,201,4.568181818181818,1.0,19.95000000000003,31.949999999999992,nodo,FOLIGNO
2025-10-01,REG,S07221,3,3,0,0,0,0,1,2,0,2,1,1,1,0,44,0,44,12.25,12.25,19.25,20.125,nodo,SPOLETO
2025-10-01,REG,S07226,40,40,0,0,0,0,13,5,22,5,3,2,1,0,114,60,54,1.35,-1.0,5.050000000000008,11.150000000000016,nodo,TERNI
2025-10-01,REG,S07307,20,20,0,0,0,0,6,5,9,5,2,1,0,0,59,26,33,1.65,0.25,6.799999999999997,10.399999999999991,nodo,MACERATA
2025-10-01,REG,S07405,10,10,0,0,0,0,3,1,6,1,0,0,0,0,14,26,-12,-1.2,-1.0,1.5,1.9999999999999996,nodo,RIETI
2025-10-01,REG,S07414,48,48,0,0,0,0,16,8,24,8,6,4,2,0,182,72,110,2.2916666666666665,-0.5,11.399999999999999,18.799999999999983,nodo,L\'AQUILA
2025-10-01,REG,S07500,3,3,0,0,0,0,3,0,0,0,0,0,0,0,6,0,6,2.0,1.0,3.4000000000000004,3.6999999999999997,nodo,VARANO
2025-10-01,REG,S07506,12,12,0,0,0,0,6,2,4,2,2,1,1,0,83,11,72,6.0,1.25,19.0,24.5,nodo,CIVITANOVA MARCHE-MONTEGRANARO
2025-10-01,REG,S07513,12,12,0,0,0,0,4,4,4,4,1,0,0,0,36,8,28,2.333333333333333,2.25,5.25,6.125,nodo,S.BENEDETTO DEL TRONTO
2025-10-01,REG,S07550,30,30,0,0,0,0,11,7,12,7,1,0,0,0,65,29,36,1.2,1.5,4.999999999999999,6.599999999999998,nodo,ASCOLI PICENO
2025-10-01,REG,S07706,2,2,0,0,0,0,0,1,1,1,0,0,0,0,7,1,6,3.0,3.0,3.0,3.0,nodo,TORRE DEI PASSERI
2025-10-01,REG,S07712,2,2,0,0,0,0,1,1,0,1,1,0,0,0,15,0,15,7.5,7.5,7.5,7.5,nodo,CHIETI
2025-10-01,REG,S07802,2,2,0,0,0,0,1,0,1,0,0,0,0,0,4,1,3,1.5,1.5,1.5,1.5,nodo,GIULIANOVA
2025-10-01,REG,S07810,97,97,0,0,0,0,58,13,26,13,2,2,2,1,340,58,282,2.9032738095238093,2.0,5.0,5.824999999999999,nodo,PESCARA
2025-10-01,REG,S07813,4,4,0,0,0,0,3,1,0,1,0,0,0,0,11,0,11,2.75,2.75,3.75,3.875,nodo,FRANCAVILLA AL MARE
2025-10-01,REG,S07824,2,2,0,0,0,0,0,0,2,0,0,0,0,0,0,4,-4,-2.0,-2.0,-2.0,-2.0,nodo,VASTO S.SALVO
2025-10-01,REG,S07900,38,38,0,0,0,0,21,10,7,10,1,0,0,0,109,15,94,2.473684210526316,2.5,6.0,6.3499999999999925,nodo,TERAMO
2025-10-01,REG,S08004,5,5,0,0,0,0,3,1,1,1,0,0,0,0,5,5,0,0.0,0.0,2.0,2.25,nodo,ORBETELLO-MONTE ARGENTARIO
2025-10-01,REG,S08008,2,2,0,0,0,0,1,1,0,1,0,0,0,0,5,0,5,2.5,2.5,2.5,2.5,nodo,MONTALTO DI CASTRO
2025-10-01,REG,S08009,2,2,0,0,0,0,1,1,0,1,0,0,0,0,8,0,8,4.0,4.0,4.0,4.0,nodo,TARQUINIA
2025-10-01,REG,S08010,49,49,0,0,0,0,29,6,14,6,1,0,0,0,93,91,2,0.05333333333333329,1.0,5.549999999999999,6.8249999999999975,nodo,CIVITAVECCHIA
2025-10-01,REG,S08014,11,11,0,0,0,0,1,0,10,0,0,0,0,0,4,16,-12,-1.0909090909090908,-1.0,-1.0,1.5,nodo,VAL D\'ALA
2025-10-01,REG,S08020,1,1,0,0,0,0,1,0,0,0,0,0,0,0,3,0,3,3.0,3.0,3.0,3.0,nodo,MACCARESE-FREGENE
2025-10-01,REG,S08021,15,15,0,0,0,0,12,1,2,1,1,0,0,0,35,2,33,2.0982142857142856,2.0,3.8999999999999995,5.4499999999999975,nodo,LADISPOLI-CERVETERI
2025-10-01,REG,S08203,2,2,0,0,0,0,1,0,1,0,0,0,0,0,2,1,1,0.5,0.5,0.5,0.5,nodo,ORVIETO
2025-10-01,REG,S08207,2,2,0,0,0,0,0,0,2,0,0,0,0,0,0,4,-4,-2.0,-2.0,-2.0,-2.0,nodo,ATTIGLIANO-BOMARZO
2025-10-01,REG,S08209,54,54,0,0,0,0,25,7,22,7,3,2,2,0,149,65,84,1.5590659340659339,0.75,4.800000000000001,8.45,nodo,ORTE
2025-10-01,REG,S08211,2,2,0,0,0,0,2,0,0,0,0,0,0,0,7,0,7,3.5,3.5,3.5,3.5,nodo,CIVITA CASTELLANA-MAGLIANO
2025-10-01,REG,S08213,18,18,0,0,0,0,9,2,7,2,0,0,0,0,26,9,17,0.9444444444444444,0.5,3.6,3.8,nodo,POGGIO MIRTETO
2025-10-01,REG,S08214,66,66,0,0,0,0,35,5,26,5,0,0,0,0,92,58,34,0.5151515151515151,0.0,3.4000000000000004,4.399999999999999,nodo,FARA SABINA-MONTELIBRETTI
2025-10-01,REG,S08215,16,16,0,0,0,0,9,1,6,1,0,0,0,0,21,10,11,0.6111111111111112,0.0,3.100000000000001,4.049999999999998,nodo,MONTEROTONDO-MENTANA
2025-10-01,REG,S08217,174,174,0,0,0,0,81,17,76,17,5,2,0,0,287,191,96,0.5684071381361534,0.0,4.0,5.699999999999996,nodo,ROMA TIBURTINA
2025-10-01,REG,S08304,35,35,0,0,0,0,12,7,16,7,1,1,1,0,93,40,53,1.5424836601307188,0.0,5.550000000000001,10.399999999999986,nodo,VITERBO PORTA FIORENTINA
2025-10-01,REG,S08306,19,19,0,0,0,0,8,3,8,3,2,2,0,0,55,16,39,1.9833333333333332,0.0,6.399999999999999,13.449999999999989,nodo,VITERBO PORTA ROMANA
2025-10-01,REG,S08315,27,27,0,0,0,0,19,4,4,4,1,1,0,0,69,5,64,2.3461538461538463,2.0,4.650000000000001,7.599999999999991,nodo,BRACCIANO
2025-10-01,REG,S08319,62,62,0,0,0,0,30,4,28,4,2,1,0,0,99,46,53,0.8548387096774193,0.5,3.5,4.25,nodo,CESANO DI ROMA
2025-10-01,REG,S08320,21,21,0,0,0,0,10,4,7,4,0,0,0,0,41,9,32,1.5318181818181817,1.0,6.05,6.2749999999999995,nodo,LA STORTA
2025-10-01,REG,S08323,17,17,0,0,0,0,8,1,8,1,0,0,0,0,18,9,9,0.5486111111111112,-0.5,2.7499999999999996,4.374999999999998,nodo,ROMA S.PIETRO
2025-10-01,REG,S08331,16,16,0,0,0,0,7,1,8,1,0,0,0,0,16,9,7,0.5,-0.5,2.9000000000000012,4.1999999999999975,nodo,VIGNA CLARA PES
2025-10-01,REG,S08403,2,2,0,0,0,0,1,0,1,0,0,0,0,0,2,1,1,0.5,0.5,0.5,0.5,nodo,PONTE GALERIA
2025-10-01,REG,S08406,73,73,0,0,0,0,28,16,29,16,2,2,0,0,173,49,124,1.6936936936936937,0.5,6.199999999999999,7.599999999999998,nodo,ROMA OSTIENSE
2025-10-01,REG,S08408,6,6,0,0,0,0,6,0,0,0,0,0,0,0,6,0,6,1.0,1.0,1.0,1.0,nodo,ROMA TUSCOLANA
2025-10-01,REG,S08409,537,537,0,0,0,0,264,83,190,83,39,27,15,3,1819,597,1222,2.2721181856013315,0.5,7.0,14.199999999999989,nodo,ROMA TERMINI
2025-10-01,REG,S08411,217,217,0,0,0,0,133,16,68,16,1,1,0,0,317,133,184,0.8276785714285714,0.5,3.5,4.5,nodo,FIUMICINO AEROPORTO
2025-10-01,REG,S08504,11,11,0,0,0,0,1,0,10,0,0,0,0,0,4,16,-12,-1.0909090909090908,-1.0,-1.0,1.5,nodo,BAGNI DI TIVOLI
2025-10-01,REG,S08506,16,16,0,0,0,0,12,0,4,0,0,0,0,0,16,6,10,0.625,0.75,1.7999999999999998,2.1499999999999995,nodo,GUIDONIA-MONTECELIO-S.ANGELO
2025-10-01,REG,S08508,24,24,0,0,0,0,8,3,13,3,0,0,0,0,28,25,3,0.12499999999999997,-0.5,4.200000000000001,5.399999999999999,nodo,TIVOLI
2025-10-01,REG,S08512,6,6,0,0,0,0,3,0,3,0,0,0,0,0,5,4,1,0.16666666666666669,0.0,1.6,1.7999999999999998,nodo,VALLE DELL\'ANIENE-MANDELA-SAMBUCI
2025-10-01,REG,S08526,42,42,0,0,0,0,16,4,22,4,0,0,0,0,59,63,-4,-0.09523809523809523,-0.5,4.0,5.0,nodo,AVEZZANO
2025-10-01,REG,S08539,54,54,0,0,0,0,23,11,20,11,5,3,2,1,255,60,195,3.611111111111111,2.0,10.800000000000004,16.899999999999995,nodo,SULMONA
2025-10-01,REG,S08608,20,20,0,0,0,0,15,4,1,4,1,1,0,0,59,1,58,2.9000000000000004,1.0,6.049999999999996,10.774999999999988,nodo,LATINA
2025-10-01,REG,S08640,16,16,0,0,0,0,5,6,5,6,3,2,2,1,153,10,143,8.9375,2.25,24.099999999999994,40.549999999999976,nodo,FORMIA-GAETA
2025-10-01,REG,S08650,16,16,0,0,0,0,6,2,8,2,2,0,0,0,33,12,21,1.3125,-0.25,6.449999999999999,6.975,nodo,CIAMPINO
2025-10-01,REG,S08652,1,1,0,0,0,0,0,0,1,0,0,0,0,0,0,1,-1,-1.0,-1.0,-1.0,-1.0,nodo,ZAGAROLO
2025-10-01,REG,S08657,16,16,0,0,0,0,10,1,5,1,0,0,0,0,20,12,8,0.47619047619047616,0.5,3.5000000000000004,3.999999999999999,nodo,COLLEFERRO-SEGNI-PALIANO
2025-10-01,REG,S08662,24,24,0,0,0,0,6,3,15,3,0,0,0,0,23,52,-29,-1.2083333333333333,-1.0,3.4000000000000004,4.174999999999999,nodo,FROSINONE
2025-10-01,REG,S08671,76,76,0,0,0,0,21,14,41,14,7,6,1,0,216,145,71,0.9012474012474012,-1.0,8.700000000000006,15.749999999999986,nodo,CASSINO
2025-10-01,REG,S08704,36,36,0,0,0,0,16,2,18,2,0,0,0,0,40,32,8,0.22222222222222232,0.0,2.6500000000000004,3.0749999999999993,nodo,ALBANO LAZIALE
2025-10-01,REG,S08705,1,1,0,0,0,0,0,1,0,1,1,0,0,0,13,0,13,13.0,13.0,13.0,13.0,nodo,APRILIA
2025-10-01,REG,S08707,2,2,0,0,0,0,1,1,0,1,0,0,0,0,10,0,10,5.0,5.0,5.0,5.0,nodo,PADIGLIONE
2025-10-01,REG,S08710,41,41,0,0,0,0,27,5,9,5,1,0,0,0,92,16,76,1.8678571428571429,1.25,4.550000000000001,5.525,nodo,NETTUNO
2025-10-01,REG,S08733,1,1,0,0,0,0,0,1,0,1,1,1,1,0,44,0,44,44.0,44.0,44.0,44.0,nodo,LANUVIO
2025-10-01,REG,S08734,47,47,0,0,0,0,21,6,20,6,3,3,1,0,119,43,76,1.6050724637681157,-0.25,4.65,10.34999999999999,nodo,VELLETRI
2025-10-01,REG,S08751,32,32,0,0,0,0,12,2,18,2,1,0,0,0,40,34,6,0.1875,-1.0,3.25,4.625,nodo,FRASCATI
2025-10-01,REG,S08850,4,4,0,0,0,0,3,0,1,0,0,0,0,0,7,1,6,1.5,1.5,2.7,2.85,nodo,CAPISTRELLO
2025-10-01,REG,S09000,1,1,0,0,0,0,1,0,0,0,0,0,0,0,2,0,2,2.0,2.0,2.0,2.0,nodo,SESSA AURUNCA-ROCCAMONFINA
2025-10-01,REG,S09003,64,64,0,0,0,0,38,11,15,11,2,2,2,2,316,30,286,4.46875,2.0,6.900000000000002,23.87499999999997,nodo,VILLA LITERNO
2025-10-01,REG,S09006,2,2,0,0,0,0,1,0,1,0,0,0,0,0,0,1,-1,-0.5,-0.5,-0.5,-0.5,nodo,AVERSA
2025-10-01,REG,S09101,7,7,0,0,0,0,4,0,3,0,0,0,0,0,8,7,1,-0.08333333333333337,-0.75,1.9500000000000002,2.2249999999999996,nodo,POZZUOLI SOLFATARA
2025-10-01,REG,S09103,44,44,0,0,0,0,29,7,8,7,0,0,0,0,99,16,83,1.8291666666666666,1.5,5.100000000000001,6.475,nodo,NAPOLI CAMPI FLEGREI
2025-10-01,REG,S09150,21,21,0,0,0,0,9,6,6,6,4,1,1,1,133,9,124,6.027272727272727,1.0,12.299999999999986,29.64999999999996,nodo,MINTURNO-SCAURI
2025-10-01,REG,S09203,12,12,0,0,0,0,4,3,5,3,2,2,1,1,106,38,68,5.666666666666667,0.75,25.5,35.75,nodo,VAIRANO-CAIANELLO
2025-10-01,REG,S09211,104,104,0,0,0,0,29,18,57,18,13,10,3,1,387,264,123,1.1826923076923077,-1.25,12.399999999999999,18.12499999999999,nodo,CASERTA
2025-10-01,REG,S09213,6,6,0,0,0,0,1,3,2,3,2,2,1,0,61,5,56,10.625,9.75,21.8,23.65,nodo,CANCELLO
2025-10-01,REG,S09218,188,188,0,0,0,0,58,48,82,48,31,26,16,12,1670,392,1278,6.755517826825127,0.5,39.20000000000013,53.29999999999999,nodo,NAPOLI CENTRALE
2025-10-01,REG,S09311,15,15,0,0,0,0,4,4,7,4,3,2,1,1,149,66,83,6.2142857142857135,-1.0,28.75000000000001,41.62499999999997,nodo,BENEVENTO
2025-10-01,REG,S09706,20,20,0,0,0,0,8,3,9,3,1,1,1,0,87,26,61,3.05,0.5,7.649999999999991,19.574999999999974,nodo,MERCATO S.SEVERINO
2025-10-01,REG,S09804,1,1,0,0,0,0,1,0,0,0,0,0,0,0,1,0,1,1.0,1.0,1.0,1.0,nodo,S.MARIA LA BRUNA
2025-10-01,REG,S09806,6,6,0,0,0,0,1,1,4,1,0,0,0,0,6,16,-10,-1.6666666666666665,-2.5,1.9000000000000004,2.4499999999999993,nodo,TORRE ANNUNZIATA CENTRALE
2025-10-01,REG,S09814,21,21,0,0,0,0,6,0,15,0,0,0,0,0,9,46,-37,-1.790909090909091,-2.25,1.5499999999999998,2.0249999999999995,nodo,NOCERA INFERIORE
2025-10-01,REG,S09818,108,108,0,0,0,0,46,15,47,15,8,7,2,1,397,179,218,1.8246753246753245,-0.5,6.25,12.599999999999998,nodo,SALERNO
2025-10-01,REG,S09823,14,14,0,0,0,0,5,7,2,7,3,3,3,2,298,3,295,21.07142857142857,4.5,58.00000000000003,86.49999999999993,nodo,BATTIPAGLIA
2025-10-01,REG,S09839,22,22,0,0,0,0,22,0,0,0,0,0,0,0,0,0,0,0.0,0.0,0.0,0.0,nodo,ARECHI
2025-10-01,REG,S11019,27,27,0,0,0,0,13,2,12,2,1,0,0,0,46,32,14,0.5192307692307692,1.0,2.8500000000000005,4.799999999999997,nodo,TERMOLI
2025-10-01,REG,S11025,6,6,0,0,0,0,1,3,2,3,0,0,0,0,23,3,20,3.333333333333333,4.0,6.800000000000001,7.1499999999999995,nodo,S.SEVERO
2025-10-01,REG,S11100,53,53,0,0,0,0,22,11,20,11,5,1,1,0,175,77,98,1.8717948717948718,1.25,7.450000000000001,11.174999999999999,nodo,FOGGIA
2025-10-01,REG,S11108,51,51,0,0,0,0,24,8,19,8,4,0,0,0,125,52,73,1.4330769230769231,1.5,6.400000000000002,8.149999999999999,nodo,BARLETTA
2025-10-01,REG,S11119,154,154,0,0,0,0,65,28,61,28,11,4,0,0,413,133,280,1.8225371120107963,0.5,6.899999999999999,10.75,nodo,BARI CENTRALE
2025-10-01,REG,S11126,2,2,0,0,0,0,0,0,2,0,0,0,0,0,0,5,-5,-2.5,-2.5,-2.5,-2.5,nodo,BARI TORRE A MARE
2025-10-01,REG,S11130,48,48,0,0,0,0,25,6,17,6,3,0,0,0,107,48,59,1.2291666666666667,1.5,5.199999999999999,8.049999999999994,nodo,FASANO
2025-10-01,REG,S11136,18,18,0,0,0,0,5,6,7,6,4,3,2,0,123,14,109,6.055555555555555,2.0,19.000000000000004,26.999999999999993,nodo,BRINDISI
2025-10-01,REG,S11145,43,43,0,0,0,0,17,9,17,9,4,2,0,0,123,28,95,2.2359307359307357,0.5,8.250000000000005,12.45,nodo,LECCE
2025-10-01,REG,S11205,8,8,0,0,0,0,2,1,5,1,1,1,1,0,42,26,16,2.0,-2.25,13.800000000000004,16.64999999999999,nodo,ROCCHETTA S.ANTONIO-LACEDONIA
2025-10-01,REG,S11252,22,22,0,0,0,0,8,1,13,1,1,1,0,0,38,15,23,1.0454545454545454,-0.5,2.0,8.75,nodo,BITRITTO
2025-10-01,REG,S11420,10,10,0,0,0,0,1,0,9,0,0,0,0,0,2,48,-46,-4.6,-4.5,-1.4999999999999996,-0.5000000000000009,nodo,POTENZA CENTRALE
2025-10-01,REG,S11465,55,55,0,0,0,0,13,10,32,10,6,4,2,0,189,103,86,1.548941798941799,-0.75,9.400000000000011,18.92499999999999,nodo,TARANTO
2025-10-01,REG,S11705,2,2,0,0,0,0,0,2,0,2,1,0,0,0,17,0,17,8.5,8.5,8.5,8.5,nodo,AGROPOLI CASTELLABATE
2025-10-01,REG,S11721,34,34,0,0,0,0,10,11,13,11,5,4,4,2,372,43,329,9.145833333333334,1.25,31.850000000000012,48.52499999999996,nodo,SAPRI
2025-10-01,REG,S11739,22,22,0,0,0,0,9,1,12,1,0,0,0,0,17,37,-20,-0.9090909090909091,-1.0,3.0,3.75,nodo,PAOLA
2025-10-01,REG,S11749,42,42,0,0,0,0,14,2,26,2,0,0,0,0,28,60,-32,-0.7619047619047619,-1.5,2.5,4.0,nodo,LAMEZIA TERME CENTRALE
2025-10-01,REG,S11765,2,2,0,0,0,0,1,0,1,0,0,0,0,0,1,3,-2,-1.0,-1.0,-1.0,-1.0,nodo,ROSARNO
2025-10-01,REG,S11774,14,14,0,0,0,0,8,1,5,1,1,1,1,0,62,9,53,3.3125,0.25,9.999999999999996,18.249999999999986,nodo,VILLA S.GIOVANNI
2025-10-01,REG,S11781,88,88,0,0,0,0,25,3,60,3,0,0,0,0,49,164,-115,-1.3242894056847545,-1.5,1.8000000000000007,2.849999999999998,nodo,REGGIO DI CALABRIA CENTRALE
2025-10-01,REG,S11811,32,32,0,0,0,0,12,3,17,3,2,2,0,0,69,47,22,0.6875,0.0,6.0,10.875,nodo,SIBARI
2025-10-01,REG,S11823,8,8,0,0,0,0,2,0,6,0,0,0,0,0,5,17,-12,-1.5,-1.75,1.4500000000000006,1.9749999999999988,nodo,CROTONE
2025-10-01,REG,S11833,68,68,0,0,0,0,26,7,35,7,2,2,0,0,111,101,10,0.14705882352941177,-0.5,4.199999999999999,8.549999999999994,nodo,CATANZARO LIDO
2025-10-01,REG,S11847,14,14,0,0,0,0,6,0,8,0,0,0,0,0,8,21,-13,-0.9285714285714285,-0.5,1.1000000000000005,1.549999999999999,nodo,ROCCELLA JONICA
2025-10-01,REG,S11851,8,8,0,0,0,0,4,0,4,0,0,0,0,0,11,6,5,0.625,0.25,3.2500000000000004,3.624999999999999,nodo,LOCRI
2025-10-01,REG,S11863,30,30,0,0,0,0,13,1,16,1,1,1,1,0,65,25,40,1.3333333333333333,-0.5,2.299999999999999,10.399999999999974,nodo,MELITO DI PORTO SALVO
2025-10-01,REG,S11910,59,59,0,0,0,0,18,6,35,6,3,2,1,0,120,106,14,0.2528735632183908,-1.0,3.6500000000000004,7.999999999999986,nodo,COSENZA
2025-10-01,REG,S12002,193,193,0,0,0,0,100,24,69,24,10,3,2,1,478,144,334,1.7371106337271751,0.5,5.0,8.949999999999989,nodo,PALERMO CENTRALE
2025-10-01,REG,S12014,34,34,0,0,0,0,19,5,10,5,1,0,0,0,70,13,57,1.6764705882352942,1.0,5.200000000000001,7.599999999999998,nodo,TERMINI IMERESE
2025-10-01,REG,S12019,9,9,0,0,0,0,4,1,4,1,0,0,0,0,8,6,2,0.125,-0.75,2.2500000000000004,2.874999999999999,nodo,CEFALU\'
2025-10-01,REG,S12027,33,33,0,0,0,0,14,7,12,7,4,1,0,0,102,21,81,2.4779411764705883,1.25,7.7,9.874999999999995,nodo,S.AGATA DI MILITELLO
2025-10-01,REG,S12036,16,16,0,0,0,0,11,2,3,2,2,1,1,0,52,6,46,2.875,0.25,8.199999999999998,14.849999999999989,nodo,PATTI-S.PIERO PATTI
2025-10-01,REG,S12100,24,24,0,0,0,0,1,1,22,1,0,0,0,0,5,79,-74,-3.090909090909091,-3.5,-0.5999999999999996,0.49999999999999645,nodo,TRAPANI
2025-10-01,REG,S12113,22,22,0,0,0,0,3,1,18,1,0,0,0,0,8,60,-52,-2.35,-2.5,-0.3000000000000007,1.724999999999996,nodo,CASTELVETRANO
2025-10-01,REG,S12125,8,8,0,0,0,0,3,0,5,0,0,0,0,0,7,14,-7,-0.9666666666666666,-2.0,2.1000000000000005,2.7999999999999994,nodo,PIRAINETO
2025-10-01,REG,S12126,1,1,0,0,0,0,0,1,0,1,0,0,0,0,5,0,5,5.0,5.0,5.0,5.0,nodo,CINISI TERRASINI
2025-10-01,REG,S12133,79,79,0,0,0,0,46,4,29,4,1,1,0,0,112,51,61,0.783974358974359,0.5,3.0,4.0,nodo,PALERMO AEROPORTO
2025-10-01,REG,S12134,78,78,0,0,0,0,22,1,55,1,0,0,0,0,13,203,-190,-2.4358974358974357,-3.0,0.0,1.0,nodo,PALERMO NOTARBARTOLO
2025-10-01,REG,S12138,60,60,0,0,0,0,14,0,46,0,0,0,0,0,1,184,-183,-3.05,-3.5,-2.5,-2.5,nodo,GIACHERY
2025-10-01,REG,S12150,4,4,0,0,0,0,1,1,2,1,0,0,0,0,9,12,-3,-2.8333333333333335,-1.5,-1.1,-1.0499999999999998,nodo,ALCAMO DIRAMAZIONE
2025-10-01,REG,S12204,10,10,0,0,0,0,3,2,5,2,1,1,0,0,38,11,27,2.6999999999999997,0.0,10.600000000000001,13.299999999999997,nodo,ROCCAPALUMBA-ALIA
2025-10-01,REG,S12207,3,3,0,0,0,0,1,1,1,1,0,0,0,0,5,4,1,0.25,0.25,2.0500000000000003,2.275,nodo,CAMMARATA S.GIOVANNI GEMINI
2025-10-01,REG,S12216,33,33,0,0,0,0,13,7,13,7,5,4,2,1,188,30,158,4.62781954887218,0.25,11.650000000000002,24.54999999999994,nodo,AGRIGENTO CENTRALE
2025-10-01,REG,S12301,93,93,0,0,0,0,46,18,29,18,10,2,1,0,283,79,204,2.1477272727272725,1.0,8.350000000000001,11.299999999999997,nodo,MESSINA CENTRALE
2025-10-01,REG,S12308,14,14,0,0,0,0,7,3,4,3,2,0,0,0,51,8,43,3.071428571428571,1.0,7.000000000000001,7.749999999999998,nodo,GIAMPILIERI
2025-10-01,REG,S12317,11,11,0,0,0,0,5,1,5,1,0,0,0,0,14,15,-1,-0.44642857142857145,-1.0,2.7500000000000004,3.124999999999999,nodo,TAORMINA-GIARDINI
2025-10-01,REG,S12320,5,5,0,0,0,0,3,1,1,1,0,0,0,0,13,5,8,1.3333333333333333,1.0,3.8,4.15,nodo,ALCANTARA
2025-10-01,REG,S12322,1,1,0,0,0,0,0,0,1,0,0,0,0,0,0,7,-7,-7.0,-7.0,-7.0,-7.0,nodo,FIUMEFREDDO DI SICILIA
2025-10-01,REG,S12324,7,7,0,0,0,0,4,0,3,0,0,0,0,0,5,6,-1,-0.25,0.0,1.3,1.4,nodo,GIARRE RIPOSTO
2025-10-01,REG,S12332,31,31,0,0,0,0,14,3,14,3,3,1,0,0,71,45,26,1.042016806722689,0.5,7.5,8.549999999999999,nodo,CATANIA CENTRALE
2025-10-01,REG,S12336,12,12,0,0,0,0,6,2,4,2,0,0,0,0,20,7,13,1.0833333333333333,0.5,4.800000000000001,5.899999999999999,nodo,CATANIA AEROPORTO FONTANAROSSA
2025-10-01,REG,S12338,1,1,0,0,0,0,1,0,0,0,0,0,0,0,2,0,2,2.0,2.0,2.0,2.0,nodo,BICOCCA
2025-10-01,REG,S12345,1,1,0,0,0,0,0,0,1,0,0,0,0,0,0,1,-1,-1.0,-1.0,-1.0,-1.0,nodo,AUGUSTA
2025-10-01,REG,S12349,24,24,0,0,0,0,9,6,9,6,1,1,0,0,76,18,58,2.416666666666667,3.0,5.4,8.874999999999995,nodo,SIRACUSA
2025-10-01,REG,S12370,1,1,0,0,0,0,1,0,0,0,0,0,0,0,2,0,2,2.0,2.0,2.0,2.0,nodo,ARAGONA CALDARE
2025-10-01,REG,S12380,22,22,0,0,0,0,8,5,9,5,4,3,0,0,97,25,72,3.025,1.25,11.75,14.099999999999994,nodo,CALTANISSETTA XIRBI
2025-10-01,REG,S12381,18,18,0,0,0,0,3,3,12,3,0,0,0,0,23,26,-3,-0.16666666666666669,-1.0,4.5,5.499999999999999,nodo,CALTANISSETTA CENTRALE
2025-10-01,REG,S12803,10,10,0,0,0,0,4,1,5,1,0,0,0,0,13,6,7,0.7,0.0,2.9000000000000004,3.6999999999999993,nodo,PORTO TORRES MARITTIMA
2025-10-01,REG,S12807,26,26,0,0,0,0,13,3,10,3,2,2,2,2,173,21,152,5.846153846153846,0.5,4.300000000000001,31.099999999999905,nodo,SASSARI
2025-10-01,REG,S12862,6,6,0,0,0,0,0,0,6,0,0,0,0,0,0,15,-15,-2.5,-1.0,-1.0,-1.0,nodo,OZIERI CHILIVANI
2025-10-01,REG,S12869,5,5,0,0,0,0,2,1,2,1,1,1,1,1,73,2,71,11.916666666666666,-0.25,29.150000000000002,32.824999999999996,nodo,MACOMER
2025-10-01,REG,S12878,14,14,0,0,0,0,6,0,8,0,0,0,0,0,9,28,-19,-1.3571428571428572,-2.0,2.0,2.0,nodo,ORISTANO
2025-10-01,REG,S12882,50,50,0,0,0,0,9,2,39,2,0,0,0,0,19,148,-129,-2.58,-3.5,-0.5,1.0999999999999943,nodo,S.GAVINO
2025-10-01,REG,S12888,42,42,0,0,0,0,21,1,20,1,0,0,0,0,38,24,14,0.3333333333333333,-0.5,2.5,3.0,nodo,DECIMOMANNU
2025-10-01,REG,S12890,18,18,0,0,0,0,16,0,2,0,0,0,0,0,22,2,20,1.1111111111111112,1.5,1.9000000000000004,2.6999999999999993,nodo,CAGLIARI ELMAS
2025-10-01,REG,S12891,142,142,0,0,0,0,63,7,72,7,2,2,2,2,258,205,53,0.3732394366197183,-0.5,2.5,4.0,nodo,CAGLIARI
2025-10-01,REG,S12902,15,15,0,0,0,0,10,3,2,3,1,1,1,1,105,3,102,6.508928571428571,1.75,15.299999999999994,27.649999999999977,nodo,OLBIA TERRANOVA
2025-10-01,REG,S13143,1,1,0,0,0,0,1,0,0,0,0,0,0,0,0,0,0,0.0,0.0,0.0,0.0,nodo,MENDRISIO
2025-10-01,REG,S19919,30,30,0,0,0,0,24,2,4,2,0,0,0,0,42,5,37,1.2333333333333334,1.0,3.0,4.049999999999996,nodo,STABIO
2025-10-01,nan,S09818,1,1,0,0,0,0,1,0,0,0,0,0,0,0,0,0,0,0.0,0.0,0.0,0.0,nodo,SALERNO
2025-10-01,nan,nan,1,1,0,0,0,0,1,0,0,0,0,0,0,0,0,0,0,0.0,0.0,0.0,0.0,nodo,POSTO MOV.TO TORA-PICCILLI
